npsn,nama,alamat,kecamatan,kabupaten,provinsi,bentuk_pendidikan,status_sekolah,latitude,longitude
40200804,SD BALA KESELAMATAN MATANTIMALI,JL. GARDU JATI NO. 89,Kec. Marawola Barat,Kab. Sigi,Prov. Sulawesi Tengah,SD,SWASTA,-0.9493301,119.7776671
40200908,SD BALA KESELAMATAN LEWARA,JL Dombu-Soi Desa Lewara Kec. Marawola Barat,Kec. Marawola Barat,Kab. Sigi,Prov. Sulawesi Tengah,SD,SWASTA,-0.9381267,119.7630483
40200755,SD NEGERI WUGAGA,Jl. Dombu-Soi,Kec. Marawola Barat,Kab. Sigi,Prov. Sulawesi Tengah,SD,NEGERI,-0.9518,119.7517
69943465,SMP SATAP NEGERI 23 SIGI,desa lewara,Kec. Marawola Barat,Kab. Sigi,Prov. Sulawesi Tengah,SMP,NEGERI,-0.9302767,119.7555417
40200745,SD NEGERI UWELOPI,Desa Lewara Dusun 3,Kec. Marawola Barat,Kab. Sigi,Prov. Sulawesi Tengah,SD,NEGERI,-0.9300717,119.7557033
40201105,SD INPRES MATANTIMALI,Jalan Palu-Dombu,Kec. Marawola Barat,Kab. Sigi,Prov. Sulawesi Tengah,SD,NEGERI,-0.9524596,119.7921095
40200900,SD BALA KESELAMATAN DOMBU,Desa Dombu,Kec. Marawola Barat,Kab. Sigi,Prov. Sulawesi Tengah,SD,SWASTA,-0.9670983,119.7797283
40200635,SMP NEGERI 22 SIGI,JL. PRAMUKA NO 1,Kec. Marawola Barat,Kab. Sigi,Prov. Sulawesi Tengah,SMP,NEGERI,-0.9682154,119.7816704
69962725,SMA NEGERI 11 SIGI,DOMBU,Kec. Marawola Barat,Kab. Sigi,Prov. Sulawesi Tengah,SMA,NEGERI,-0.9694,119.7822
40200681,SD NEGERI SOI,Desa Soi Dusun Vanja,Kec. Marawola Barat,Kab. Sigi,Prov. Sulawesi Tengah,SD,NEGERI,-0.97203,119.7627983
40200674,SD NEGERI TAIPANGGABE,Desa Taipanggabe,Kec. Marawola Barat,Kab. Sigi,Prov. Sulawesi Tengah,SD,NEGERI,-0.96198,119.79349
40200459,SD NEGERI ONGULERO,Desa Ongulero,Kec. Marawola Barat,Kab. Sigi,Prov. Sulawesi Tengah,SD,NEGERI,-0.975,119.7738
40200782,SD BALA KESELAMATAN WAYU,Jl. Palu-bangga,Kec. Marawola Barat,Kab. Sigi,Prov. Sulawesi Tengah,SD,SWASTA,-0.9617333,119.7965367
69734365,SMP SATAP NEGERI 18 SIGI,DESA ONGULERO,Kec. Marawola Barat,Kab. Sigi,Prov. Sulawesi Tengah,SMP,NEGERI,-0.9776,119.7734
40200781,SD BALA KESELAMATAN WIAPORE,jl. Panesibaja,Kec. Marawola Barat,Kab. Sigi,Prov. Sulawesi Tengah,SD,SWASTA,-0.9870867,119.7684666
70002116,SD BK WUGAGA,Jl. Dombu-Soi,Kec. Marawola Barat,Kab. Sigi,Prov. Sulawesi Tengah,SD,SWASTA,-0.9480795,119.8240556
40200439,SD NEGERI DODA,Jl. G. Gawalise,Kec. Kinovaro,Kab. Sigi,Prov. Sulawesi Tengah,SD,NEGERI,-0.9256,119.8234
P9984802,PKBM MANDIRI,Jl. PRAMUKA,Kec. Kinovaro,Kab. Sigi,Prov. Sulawesi Tengah,PKBM,SWASTA,-0.9745289,119.8074539
69844551,PAUD KB POMORE NU NGANA,DESA BALANE,Kec. Kinovaro,Kab. Sigi,Prov. Sulawesi Tengah,KB,SWASTA,-0.945827,119.831485
40200548,SD NEGERI BALANE,Desa Balane,Kec. Kinovaro,Kab. Sigi,Prov. Sulawesi Tengah,SD,NEGERI,-0.9461,119.8315
40205634,TK SOLERA BALANE,DESA BALANE,Kec. Kinovaro,Kab. Sigi,Prov. Sulawesi Tengah,TK,SWASTA,-0.946093,119.831813
40200901,SD BALA KESELAMATAN DODA,Jln Gunung Gawalise,Kec. Kinovaro,Kab. Sigi,Prov. Sulawesi Tengah,SD,SWASTA,-0.922,119.8229
40200547,SD NEGERI BALAROA 2,Desa Uwemanje,Kec. Kinovaro,Kab. Sigi,Prov. Sulawesi Tengah,SD,NEGERI,-0.9638,119.8288
40200668,SMP NEGERI 18 SIGI,Jl. Pramuka  No. 1,Kec. Kinovaro,Kab. Sigi,Prov. Sulawesi Tengah,SMP,NEGERI,-0.9547,119.8351
69844497,TK ANGGREK,JL.PALU- VOBO,Kec. Kinovaro,Kab. Sigi,Prov. Sulawesi Tengah,TK,SWASTA,-0.962203,119.832344
40201083,SD INPRES PORAME,Jl. Tadulako. No. - Porame,Kec. Kinovaro,Kab. Sigi,Prov. Sulawesi Tengah,SD,NEGERI,-0.9571,119.8351
40203843,SMAS YPST PORAME,JL. TADULAKO,Kec. Kinovaro,Kab. Sigi,Prov. Sulawesi Tengah,SMA,SWASTA,-0.9541,119.8368
40200466,SD NEGERI PORAME,Porame,Kec. Kinovaro,Kab. Sigi,Prov. Sulawesi Tengah,SD,NEGERI,-0.9537,119.8383
69844498,TK PEMBINA KINOVARO,JL. TADULAKO,Kec. Kinovaro,Kab. Sigi,Prov. Sulawesi Tengah,TK,NEGERI,-0.953835,119.838307
40200754,SLB NEGERI PORAME,Porame,Kec. Kinovaro,Kab. Sigi,Prov. Sulawesi Tengah,SLB,NEGERI,-0.9577,119.8373
40200914,SD BALA KESELAMATAN BOLOBIA,Bolobia,Kec. Kinovaro,Kab. Sigi,Prov. Sulawesi Tengah,SD,SWASTA,-0.9844,119.7955
40205635,TK PINEMBANE PORAME,DESA PORAME,Kec. Kinovaro,Kab. Sigi,Prov. Sulawesi Tengah,TK,SWASTA,-0.955595,119.838953
40203578,SMP NEGERI 11 PALU,Jl. Keramik,Kec. Tatanga,Kota Palu,Prov. Sulawesi Tengah,SMP,NEGERI,-0.9311,119.838
69951852,PPS Manba ush Sholichin ,Jl. Keramik,Kec. Palu Selatan,Kota Palu,Prov. Sulawesi Tengah,Pondok Pesantren,SWASTA,-0.9324,119.8388
40200750,SD NEGERI WATUTINONGGO,Dusun Iv Rt 3,Kec. Kinovaro,Kab. Sigi,Prov. Sulawesi Tengah,SD,NEGERI,-0.9839201,119.8123514
69844549,KB HARAPAN KITA II,JL. PALU RONDINGO,Kec. Kinovaro,Kab. Sigi,Prov. Sulawesi Tengah,KB,SWASTA,-0.984003,119.812649
69859729,SMK NEGERI 3 SIGI,JL.BUKIT INDAH TABINGGA,Kec. Kinovaro,Kab. Sigi,Prov. Sulawesi Tengah,SMK,NEGERI,-0.953568,119.840364
69844499,TK PADANJAKAYA,JL . GUNUNG GAWALISE,Kec. Kinovaro,Kab. Sigi,Prov. Sulawesi Tengah,TK,SWASTA,-0.912188,119.825564
69844545,KB PAUD KABELOTA SINGGANI,JL. SOKI TANGA,Kec. Marawola,Kab. Sigi,Prov. Sulawesi Tengah,KB,SWASTA,-0.947476,119.848535
40205630,TK AL KHAIRAAT BOYA BALIASE,DESA BOYA BALIASE,Kec. Marawola,Kab. Sigi,Prov. Sulawesi Tengah,TK,SWASTA,-0.94473,119.8518166
69844550,PAUD QURROTA A YUN,Jln. Tadulako desa porame,Kec. Kinovaro,Kab. Sigi,Prov. Sulawesi Tengah,KB,SWASTA,-0.95671,119.85054
70002357,SMP ISLAM TERPADU IMAM MUSLIM PALU,JL. Sungai Manonda Lrg Masjid Imam Muslim Palu,Kec. Tatanga,Kota Palu,Prov. Sulawesi Tengah,SMP,SWASTA,-0.930064,119.8484528
40200605,SMP NEGERI 5 SIGI,Jl. Palu - Bangga No. 3,Kec. Marawola,Kab. Sigi,Prov. Sulawesi Tengah,SMP,NEGERI,-0.9542,119.8532
40200530,SD NEGERI 2 BINANGGA,Jln. Poros Palu Bangga,Kec. Marawola,Kab. Sigi,Prov. Sulawesi Tengah,SD,NEGERI,-0.9452,119.8554
40205627,TK HANDAYANI BALIASE,DESA BALIASE,Kec. Marawola,Kab. Sigi,Prov. Sulawesi Tengah,TK,SWASTA,-0.93953,119.8550267
40206059,TK SATU ATAP SD INP BINANGGA,JL. PALU-BANGGA,Kec. Marawola,Kab. Sigi,Prov. Sulawesi Tengah,TK,NEGERI,-0.953964,119.85436
40210278,MTSS ALKHAIRAAT BALIASE,JL. POROS PALU BANGGA,Kec. Marawola,Kab. Sigi,Prov. Sulawesi Tengah,MTs,SWASTA,-0.9415,119.856
40200719,SMA NEGERI 4 SIGI,JL. PALU BANGGA NO 84,Kec. Marawola,Kab. Sigi,Prov. Sulawesi Tengah,SMA,NEGERI,-0.9545,119.8546
40205072,TK NEGERI PEMBINA MARAWOLA,Jl Nusa Indah Desa Binangga,Kec. Marawola,Kab. Sigi,Prov. Sulawesi Tengah,TK,NEGERI,-0.947795,119.856415
40203739,SD INPRES DUYU,Jl. Gawalise No 235,Kec. Tatanga,Kota Palu,Prov. Sulawesi Tengah,SD,NEGERI,-0.9193,119.8396
40203498,SD NEGERI DUYU,Jl. Gawalise No. 233,Kec. Tatanga,Kota Palu,Prov. Sulawesi Tengah,SD,NEGERI,-0.9194,119.8399
69886988,KB ANDINE,BTN PUSKUD BLOK F6 NO. 3,Kec. Tatanga,Kota Palu,Prov. Sulawesi Tengah,KB,SWASTA,-0.9297,119.8531
40201050,SD INPRES BINANGGA,Desa Binangga,Kec. Marawola,Kab. Sigi,Prov. Sulawesi Tengah,SD,NEGERI,-0.9563,119.8553
40200985,SD NEGERI 1 BINANGGA,Jl. Dahlia,Kec. Marawola,Kab. Sigi,Prov. Sulawesi Tengah,SD,NEGERI,-0.9493,119.8575
40203493,SD NEGERI PENGAWU,Jl. Malontara No. 10,Kec. Tatanga,Kota Palu,Prov. Sulawesi Tengah,SD,NEGERI,-0.9231,119.8472
69886985,TK ANDINE,BTN PUSKUD BLOK F6 NO. 3,Kec. Tatanga,Kota Palu,Prov. Sulawesi Tengah,TK,SWASTA,-0.9299,119.8535
69948925,SD ALAM AL-FATIH PALU,Jl. Pue Bongo II,Kec. Tatanga,Kota Palu,Prov. Sulawesi Tengah,SD,SWASTA,-0.9327,119.8551
40203609,SMAN 6 PALU,JL. PADANJAKAYA,Kec. Tatanga,Kota Palu,Prov. Sulawesi Tengah,SMA,NEGERI,-0.9208,119.8445
69992462,KB AL-MUTTAQIIN,Jl. Pue Bongo 2 BTN Puskud RT III Palu,Kec. Tatanga,Kota Palu,Prov. Sulawesi Tengah,KB,SWASTA,-0.928,119.8527
69992584,TK AL-MUTTAQIIN,Jl. Pue Bongo 2 BTN Puskud RT III Palu,Kec. Tatanga,Kota Palu,Prov. Sulawesi Tengah,TK,SWASTA,-0.928,119.8527
40200819,SD INPRES BALIASE,Desa Baliase,Kec. Marawola,Kab. Sigi,Prov. Sulawesi Tengah,SD,NEGERI,-0.9396,119.8579
40205631,TK AISYIYAH BINANGGA,JL. DAHLIA,Kec. Marawola,Kab. Sigi,Prov. Sulawesi Tengah,TK,SWASTA,-0.94866,119.8585116
60723515,MIS AL KHAIRAAT PENGAWU,Jl. Padanjakaya No. 120,Kec. Tatanga,Kota Palu,Prov. Sulawesi Tengah,MI,SWASTA,-0.9231,119.8488
P9952567,PKBM UELANA,Desa Doda,Kec. Sigibiromaru,Kab. Sigi,Prov. Sulawesi Tengah,PKBM,SWASTA,-0.9166,119.8354
69725546,TKS HARAPAN BARU,JL. PADAT KARYA,Kec. Marawola,Kab. Sigi,Prov. Sulawesi Tengah,TK,SWASTA,-0.9331683,119.8574617
60728900,MTS NURUL HASANAH,JL. PADANJAKAYA NO. 93 PALU,Kec. Tatanga,Kota Palu,Prov. Sulawesi Tengah,MTs,SWASTA,-0.9217,119.8497
P9980032,PKBM BELOTAPURA,Jl. Poros Palu-Bangga,Kec. Marawola,Kab. Sigi,Prov. Sulawesi Tengah,PKBM,SWASTA,-0.9635,119.8548
40201071,SD INPRES PADENDE,Jl. Poros Palu Bangga,Kec. Marawola,Kab. Sigi,Prov. Sulawesi Tengah,SD,NEGERI,-0.9614,119.8565
40205622,TK CEMPAKA PADENDE,DESA PADENDE,Kec. Marawola,Kab. Sigi,Prov. Sulawesi Tengah,TK,SWASTA,-0.961726,119.856561
70029224,TK ISLAM TERPADU ATTARIM SALIM ISLAMI,JL. TOTOSI PALU,Kec. Tatanga,Kota Palu,Prov. Sulawesi Tengah,TK,SWASTA,-0.913912,119.8376149
K5669002,LKP ANDIKA,Jl. Poros Palu Bangga Desa Padende,Kec. Sigibiromaru,Kab. Sigi,Prov. Sulawesi Tengah,Kursus,SWASTA,-0.9656,119.8547
40203492,SD NEGERI PALUPI,Jl. Puebongo No. 14,Kec. Tatanga,Kota Palu,Prov. Sulawesi Tengah,SD,NEGERI,-0.9262,119.8561
P9998423,PKBM ATTARIM SALIM ISLAMI,Jl Totoisi Palu,Kec. Tatanga,Kota Palu,Prov. Sulawesi Tengah,PKBM,SWASTA,-0.9133,119.8378
40203716,SD INPRES PERUMNAS,Jl.Kanna No.01,Kec. Palu Barat,Kota Palu,Prov. Sulawesi Tengah,SD,NEGERI,-0.9163,119.8461
70002662,SLB ISRA ALBAYT,Jl. Totosi,Kec. Tatanga,Kota Palu,Prov. Sulawesi Tengah,SLB,SWASTA,-0.9125181,119.8360361
40203623,SMKN 4 PALU,JL. Totosi No. 8,Kec. Tatanga,Kota Palu,Prov. Sulawesi Tengah,SMK,NEGERI,-0.9127,119.8376
40200457,SD NEGERI PADENDE,Desa Padende,Kec. Marawola,Kab. Sigi,Prov. Sulawesi Tengah,SD,NEGERI,-0.9673,119.8546
40205455,TK NURUL IKHLAS,BTN PALUPI PERMAI ,Kec. Tatanga,Kota Palu,Prov. Sulawesi Tengah,TK,SWASTA,-0.9286,119.8598
40204553,SD ISLAM NURUL IKHLAS,Btn Palupi Blok Ac No. 19,Kec. Tatanga,Kota Palu,Prov. Sulawesi Tengah,SD,SWASTA,-0.9283,119.8598
69904085,PAUD TERPADU ANUTA SINGGANI,JL. POROS PALU - SUNJU,Kec. Marawola,Kab. Sigi,Prov. Sulawesi Tengah,TK,SWASTA,-0.9418,119.8646117
40203717,SD INPRES PALUPI,KOMPLEKS BTN PALUPI BLOK C,Kec. Tatanga,Kota Palu,Prov. Sulawesi Tengah,SD,NEGERI,-0.9275,119.8607
60723507,MIN 1 KOTA PALU,JL. GAWALISE N0.4,Kec. Tatanga,Kota Palu,Prov. Sulawesi Tengah,MI,NEGERI,-0.9101,119.8384
60728904,MTS IKHLAASUL KHAIRAAT,JL. I GUSTI NGURAH RAI I NO.1 PALU,Kec. Tatanga,Kota Palu,Prov. Sulawesi Tengah,MTs,SWASTA,-0.9209,119.8575
69939600,SD ISLAM TERPADU IMAM MUSLIM,"Jln. Sungai Manonda, Kompleks Masjid Imam Muslim II, Kel. Duyu Kec. Tatanga",Kec. Tatanga,Kota Palu,Prov. Sulawesi Tengah,SD,SWASTA,-0.9098998,119.8424769
69988767,SMA IT Imam Muslim Palu,Jl. Sungai Manonda Kompleks Imam Muslim,Kec. Tatanga,Kota Palu,Prov. Sulawesi Tengah,SMA,SWASTA,-0.909832,119.842459
69814683,SMP SATU ATAP NEGERI 16 SIGI,Jl. Cengkeh No.27,Kec. Kinovaro,Kab. Sigi,Prov. Sulawesi Tengah,SMP,NEGERI,-0.9076,119.8288
69794515,TK QURROTA A YUN,"JL. SUNGAI MANONDA ATAS, KOMPLEKS MESJID IMAM MUSLIM",Kec. Tatanga,Kota Palu,Prov. Sulawesi Tengah,TK,SWASTA,-0.9099,119.843
40205633,TK AL KHAIRAAT PERUMNAS TINGGEDE,PERUMNAS TINGGEDE,Kec. Marawola,Kab. Sigi,Prov. Sulawesi Tengah,TK,SWASTA,-0.93444,119.8659616
40200688,SD NEGERI TOMPU,Jl Sumur Yuga,Kec. Kinovaro,Kab. Sigi,Prov. Sulawesi Tengah,SD,NEGERI,-0.9075,119.8289
40205623,TK TADULAKO SIBEDI,DESA SIBEDI,Kec. Marawola,Kab. Sigi,Prov. Sulawesi Tengah,TK,SWASTA,-0.9745216,119.85416
40201080,SD INPRES PERUMNAS TINGGEDE,Jl.kenari Raya,Kec. Marawola,Kab. Sigi,Prov. Sulawesi Tengah,SD,NEGERI,-0.933,119.8663
P9952865,PKBM MELATI,JL. KALORA,Kec. Tatanga,Kota Palu,Prov. Sulawesi Tengah,PKBM,SWASTA,-0.920751,119.861018
40203765,SD INPRES BALAROA,Jl. Sumur Yuga ,Kec. Palu Barat,Kota Palu,Prov. Sulawesi Tengah,SD,NEGERI,-0.907,119.841
40203502,SD NEGERI BALAROA,Jl. Sumur Yuga,Kec. Palu Barat,Kota Palu,Prov. Sulawesi Tengah,SD,NEGERI,-0.9068,119.8406
69979223,SD ISLAM TERPADU BINA INSAN PALU,Jl. Agatis No. 1,Kec. Tatanga,Kota Palu,Prov. Sulawesi Tengah,SD,SWASTA,-0.916,119.8585
70037291,TK PAUD ISLAM TERPADU BINA INSAN PALU,JL. AGATIS NO.1 ,Kec. Tatanga,Kota Palu,Prov. Sulawesi Tengah,TK,SWASTA,-0.9161,119.8589
69775474,SDS IT AL-QOLAM,JL. MASUMPANGA,Kec. Marawola,Kab. Sigi,Prov. Sulawesi Tengah,SD,SWASTA,-0.9311,119.8685
69896685,SMP IT QURROTA A YUN PALU,Jl. Jati Super,Kec. Tatanga,Kota Palu,Prov. Sulawesi Tengah,SMP,SWASTA,-0.9188,119.8616
70031371,SMP ISLAM TERPADU BINA INSAN PALU,Jl. Agatis No. 1,Kec. Tatanga,Kota Palu,Prov. Sulawesi Tengah,SMP,SWASTA,-0.916,119.8591
69987305,SMA Islam Terpadu Qurrota Ayun Sigi,Dusun 4,Kec. Marawola,Kab. Sigi,Prov. Sulawesi Tengah,SMA,SWASTA,-0.9637,119.8669
60728626,MTSN 2 KOTA PALU,JL. LABU NO.28,Kec. Tatanga,Kota Palu,Prov. Sulawesi Tengah,MTs,NEGERI,-0.9085,119.8501
60723512,MIS AL KHAIRAAT PERUMNAS,JL. KELOR,Kec. Tatanga,Kota Palu,Prov. Sulawesi Tengah,MI,SWASTA,-0.9056,119.8441
40200628,SMKS PGRI 1 MARAWOLA,JLN. KRAMAT JAYA NO. 20,Kec. Marawola,Kab. Sigi,Prov. Sulawesi Tengah,SMK,SWASTA,-0.926,119.8674
69948592,TK NISAAUL KHAIRAAT,Desa Tinggede,Kec. Marawola,Kab. Sigi,Prov. Sulawesi Tengah,TK,SWASTA,-0.928011,119.86848
40209851,MAN 1 KOTA PALU,JL.JAMUR NO.38,Kec. Tatanga,Kota Palu,Prov. Sulawesi Tengah,MA,NEGERI,-0.9087,119.8514
40205625,TK PGRI TINGGEDE,JL. LASAGANTI NO. 34,Kec. Marawola,Kab. Sigi,Prov. Sulawesi Tengah,TK,SWASTA,-0.935525,119.87121
40203584,SMP NEGERI 5 PALU,Jl. Dharma Putera No. 3,Kec. Tatanga,Kota Palu,Prov. Sulawesi Tengah,SMP,NEGERI,-0.9206,119.8646
40205658,TK MADANI TINGGEDE,Desa Tinggede Selatan,Kec. Marawola,Kab. Sigi,Prov. Sulawesi Tengah,TK,SWASTA,-0.9422616,119.8727533
P9963107,SKB KABUPATEN SIGI,Jl. Lasaganti,Kec. Marawola,Kab. Sigi,Prov. Sulawesi Tengah,SKB,NEGERI,-0.9341,119.8715
40200524,SD NEGERI 1 TINGGEDE,Jl. Lasaganti,Kec. Marawola,Kab. Sigi,Prov. Sulawesi Tengah,SD,NEGERI,-0.9355,119.872
40200515,SD NEGERI 2 TINGGEDE,Jln Mpuserano,Kec. Marawola,Kab. Sigi,Prov. Sulawesi Tengah,SD,NEGERI,-0.9381,119.8727
40203712,SD INPRES TAVANJUKA,Jl. Sutan Alaudin No. 36 Palu,Kec. Tatanga,Kota Palu,Prov. Sulawesi Tengah,SD,NEGERI,-0.9209,119.866
40200906,SD BALA KESELAMATAN MABERE,Desa Sibedi,Kec. Marawola,Kab. Sigi,Prov. Sulawesi Tengah,SD,SWASTA,-0.986,119.8441
40203714,SD INPRES SALENA PADANJESE,Jl. Uwenumpu No.58,Kec. Ulujadi,Kota Palu,Prov. Sulawesi Tengah,SD,NEGERI,-0.9015,119.8303
40205628,TK SATU ATAP SD INP TINGGEDE,Desa Tinggede,Kec. Marawola,Kab. Sigi,Prov. Sulawesi Tengah,TK,NEGERI,-0.9290374,119.8710146
40203763,SD INPRES BOYAOGE,Jl. Delima No.10,Kec. Tatanga,Kota Palu,Prov. Sulawesi Tengah,SD,NEGERI,-0.908,119.8539
40201022,SD INPRES TINGGEDE,Jl. Kayu Malaya,Kec. Marawola,Kab. Sigi,Prov. Sulawesi Tengah,SD,NEGERI,-0.929,119.8711
40205442,TK ALKHAIRAAT TAVANJUKA,JL. JATI,Kec. Tatanga,Kota Palu,Prov. Sulawesi Tengah,TK,SWASTA,-0.9164,119.8636
69913500,SPS TPQ AN - NUR,JL. DEBUGI,Kec. Kinovaro,Kab. Sigi,Prov. Sulawesi Tengah,SPS,SWASTA,-0.901528,119.838524
40210299,MTSS AL KHAIRAT TAVANJUKA,JL. JATI NO. 81 A,Kec. Tatanga,Kota Palu,Prov. Sulawesi Tengah,MTs,SWASTA,-0.9162,119.8638
40203542,SD NEGERI 21 PALU,Jl. Delima No.3,Kec. Tatanga,Kota Palu,Prov. Sulawesi Tengah,SD,NEGERI,-0.9079,119.8544
40200657,SMP NEGERI 12 SIGI,Jalan Kayumalaya,Kec. Marawola,Kab. Sigi,Prov. Sulawesi Tengah,SMP,NEGERI,-0.9291,119.8716
40200676,SD NEGERI SUNJU,Jl.pasarante No. 4,Kec. Marawola,Kab. Sigi,Prov. Sulawesi Tengah,SD,NEGERI,-0.948,119.8746
40205629,TK TERATAI SUNJU,DESA SUNJU,Kec. Marawola,Kab. Sigi,Prov. Sulawesi Tengah,TK,SWASTA,-0.9521783,119.8748566
69991648,TK IT QURROTA A AYUN,desa tinggede,Kec. Marawola,Kab. Sigi,Prov. Sulawesi Tengah,TK,SWASTA,-0.9283,119.8729
40206135,Sekolah Dasar Islam Terpadu QURRATAAYUN TINGGEDE,Jl. Rapolinja Kompleks Masjid Abdul Hadi Al-Quraim,Kec. Marawola,Kab. Sigi,Prov. Sulawesi Tengah,SD,SWASTA,-0.9268,119.8715
40200752,SMAS ALKHAIRAAT KALUKUBULA,JL. GURU TUA NO.234,Kec. Sigibiromaru,Kab. Sigi,Prov. Sulawesi Tengah,SMA,SWASTA,-0.951612,119.881494
69815398,SMK JANUR PERSADA SIGI,JL. Amanah II,Kec. Sigibiromaru,Kab. Sigi,Prov. Sulawesi Tengah,SMK,SWASTA,-0.951579,119.881601
40201033,SD INPRES KALUKUBULA,Desa Kalukubula,Kec. Sigibiromaru,Kab. Sigi,Prov. Sulawesi Tengah,SD,NEGERI,-0.946758,119.883114
40200531,SD NEGERI 2 KALUKUBULA,"Jl. Guru Tua, Kalukubula",Kec. Sigibiromaru,Kab. Sigi,Prov. Sulawesi Tengah,SD,NEGERI,-0.946938,119.883205
69844489,TK QALBUN SALIM,JL. LAPATTA NO 12 DESA KALUKUBULA,Kec. Sigibiromaru,Kab. Sigi,Prov. Sulawesi Tengah,TK,SWASTA,-0.9493,119.883
40200998,SD NEGERI 1 KALUKUBULA,Jl. Guru Tua Kalukubula,Kec. Sigibiromaru,Kab. Sigi,Prov. Sulawesi Tengah,SD,NEGERI,-0.946691,119.883473
40205073,TK AL KHAIRAAT KALUKUBULA,JL. Laido,Kec. Sigibiromaru,Kab. Sigi,Prov. Sulawesi Tengah,TK,SWASTA,-0.9462483,119.8840083
69844536,PAUD BKPRMI UNIT O2 NUR AFIAT,Desa Kalukubula,Kec. Sigibiromaru,Kab. Sigi,Prov. Sulawesi Tengah,KB,SWASTA,-0.9492817,119.8851917
40209802,SD NEGERI 4 KALUKUBULA,Jl Lando,Kec. Sigibiromaru,Kab. Sigi,Prov. Sulawesi Tengah,SD,NEGERI,-0.9566,119.8828
69908298,TK NUR AFIAT,Desa Kalukubula,Kec. Sigibiromaru,Kab. Sigi,Prov. Sulawesi Tengah,TK,SWASTA,-0.9492012,119.8852519
69932953,TPA NUR AFIAT,Desa Kalukubula,Kec. Sigibiromaru,Kab. Sigi,Prov. Sulawesi Tengah,TPA,SWASTA,-0.9492173,119.8852975
69902077,SMP IT PERSIS PALU,Jl. S. Ogomojolo No. 4 Palu,Kec. Tatanga,Kota Palu,Prov. Sulawesi Tengah,SMP,SWASTA,-0.9204,119.8681
40203496,SD NEGERI TATANGA,Jl. Lekatu No.70,Kec. Tatanga,Kota Palu,Prov. Sulawesi Tengah,SD,NEGERI,-0.9204,119.8681
40203571,SMP KRISTEN BALA KESELAMATAN PALU,Jl. Towua No. 80,Kec. Palu Selatan,Kota Palu,Prov. Sulawesi Tengah,SMP,SWASTA,-0.9255,119.8793
164026  ,Akademi Farmasi Bina Farmasi,Jl. Towua No. 114 Palu,Kec. Palu Barat,Kota Palu,Prov. Sulawesi Tengah,Akademik,SWASTA,-0.930895,119.883603
163021  ,Sekolah Tinggi Ilmu Kesehatan Indonesia Jaya,Jalan Towua No 114 ,Kec. Palu Barat,Kota Palu,Prov. Sulawesi Tengah,Sekolah Tinggi,SWASTA,-0.930443,119.883755
P9934689,PKBM SANGGINENI,Desa Kalukubula,Kec. Sigibiromaru,Kab. Sigi,Prov. Sulawesi Tengah,PKBM,SWASTA,-0.9559362,119.8857173
40203515,SMAS BK PALU,JL. TOWUA NO. 80,Kec. Palu Selatan,Kota Palu,Prov. Sulawesi Tengah,SMA,SWASTA,-0.9245,119.8793
69794519,TK KRISTEN BALA KESELAMATAN PALU,JALAN TOWUA NO. 80,Kec. Palu Selatan,Kota Palu,Prov. Sulawesi Tengah,TK,SWASTA,-0.9244,119.8796
233062  ,STT Bala Keselamatan Palu, Jalan Towua No 80 a ,Kec. Palu Barat,Kota Palu,Prov. Sulawesi Tengah,Sekolah Tinggi,SWASTA,-0.924056,119.879492
40203736,SD KRISTEN BALA KESELAMATAN,Jl. Towua No 80,Kec. Palu Selatan,Kota Palu,Prov. Sulawesi Tengah,SD,SWASTA,-0.9243,119.8798
69950754,TK CERIA,Desa Kalukubula,Kec. Sigibiromaru,Kab. Sigi,Prov. Sulawesi Tengah,TK,SWASTA,-0.9369452,119.8882614
60728746,MIS AMALIAH,JL. JATI LRG. SIRANINDI NO. 82 B,Kec. Palu Selatan,Kota Palu,Prov. Sulawesi Tengah,MI,SWASTA,-0.9162,119.8662
40203576,SMP AMALIAH,Jln.Jati Lrg. Siranindi No.82B,Kec. Tatanga,Kota Palu,Prov. Sulawesi Tengah,SMP,SWASTA,-0.916,119.867
69873922,TK PERMATA BAGI BANGSA,Jl. I Gusti Ngurah Rai No. 13a,Kec. Palu Selatan,Kota Palu,Prov. Sulawesi Tengah,TK,SWASTA,-0.9195,119.8756
40203526,SD NEGERI 2 TATURA,Jl. I Gusti Ngurah Rai No. 13,Kec. Palu Selatan,Kota Palu,Prov. Sulawesi Tengah,SD,NEGERI,-0.9193,119.8758
69794464,TK BUNDA HATI KUDUS,JL TANGKASI,Kec. Palu Selatan,Kota Palu,Prov. Sulawesi Tengah,TK,SWASTA,-0.9293,119.8859
40210287,MTSS ALKHAIRAAT KALUKUBULA,Jl. Lapatta,Kec. Sigibiromaru,Kab. Sigi,Prov. Sulawesi Tengah,MTs,SWASTA,-0.9485723,119.8900809
40203601,SMKS AMALIAH PALU,JL. JATI LRG SIRANINDI,Kec. Tatanga,Kota Palu,Prov. Sulawesi Tengah,SMK,SWASTA,-0.9155,119.8671
40203724,SD NEGERI 1 TATURA,Jl. I Gusti Ngurah Rai No. 9,Kec. Palu Selatan,Kota Palu,Prov. Sulawesi Tengah,SD,NEGERI,-0.9192,119.8761
69911986,TK PUDJANANTI INDONESIA,JL. GURU TUA,Kec. Sigibiromaru,Kab. Sigi,Prov. Sulawesi Tengah,TK,SWASTA,-0.9607412,119.8862041
40203742,SD INPRES 3 TATURA,Jl. I Gusti Ngurah Rai No. 10,Kec. Palu Selatan,Kota Palu,Prov. Sulawesi Tengah,SD,NEGERI,-0.9187,119.8758
69938947,SMP OTAK KANAN INDONESIA PUSAT PALU,Jl. Basuki Rahmat Lrg. Nusantara No. 15 A,Kec. Palu Selatan,Kota Palu,Prov. Sulawesi Tengah,SMP,SWASTA,-0.9205,119.8786
69913083,KB ISLAM BINA ANAK BANGSA,JL. TOWUA II NO. 29,Kec. Palu Selatan,Kota Palu,Prov. Sulawesi Tengah,KB,SWASTA,-0.924206,119.883531
40205560,TK BINA ANAK BANGSA,Jl. Towua II No. 29 Palu,Kec. Palu Selatan,Kota Palu,Prov. Sulawesi Tengah,TK,SWASTA,-0.924206,119.883531
40205432,TK ALKHAIRAAT TATURA,JL. BASUKI RAHMAT NO. 13 B,Kec. Palu Selatan,Kota Palu,Prov. Sulawesi Tengah,TK,SWASTA,-0.9188,119.8781
69985713,SDIT BINA ANAK BANGSA,Jalan Towua II No. 29 Palu,Kec. Palu Selatan,Kota Palu,Prov. Sulawesi Tengah,SD,SWASTA,-0.9235,119.8835
40205612,TK AL KHAIRAAT 2 KALEKE,DESA KALEKE,Kec. Dolo Barat,Kab. Sigi,Prov. Sulawesi Tengah,TK,SWASTA,-0.966751,119.883671
40203561,SMP NEGERI 9 PALU,Jl. Zebra No 44,Kec. Palu Selatan,Kota Palu,Prov. Sulawesi Tengah,SMP,NEGERI,-0.9234,119.8841
K5649450,LKP Cory Mella,jl. Banteng III No. 48 Palu,Kec. Palu Selatan,Kota Palu,Prov. Sulawesi Tengah,Kursus,SWASTA,-0.932298,119.890133
P9999422,PKBM MUTIARA SIGI,Jl. Karanja Lembah Desa Kalukubula,Kec. Sigibiromaru,Kab. Sigi,Prov. Sulawesi Tengah,PKBM,SWASTA,-0.9468,119.8929
40209801,TK BTN POLDA KALUKUBULA,JL. KARANJA LEMBAH,Kec. Sigibiromaru,Kab. Sigi,Prov. Sulawesi Tengah,TK,SWASTA,-0.9433767,119.8936383
40203735,SD KRISTEN GPID PALU,"Jl. Kijang Selatan III, No. 14 A",Kec. Palu Selatan,Kota Palu,Prov. Sulawesi Tengah,SD,SWASTA,-0.9277,119.889
69794513,TK JOYFUL KIDS,JLN. KIJANG NO. 72,Kec. Palu Selatan,Kota Palu,Prov. Sulawesi Tengah,TK,SWASTA,-0.927253,119.888952
40205108,KB RAODATUL DJANNAH KABOBONA,DUSUN KABOBONA,Kec. Dolo,Kab. Sigi,Prov. Sulawesi Tengah,KB,SWASTA,-0.971322,119.881538
69885998,RA. Raudhatul Jannah,Jl.Poros Palu Kulawi,Kec. Dolo,Kab. Sigi,Prov. Sulawesi Tengah,RA,SWASTA,-0.9714,119.8815
40205561,TK SION,Jl. Purnawirawan II No. 19,Kec. Palu Selatan,Kota Palu,Prov. Sulawesi Tengah,TK,SWASTA,-0.9163,119.8785
P9998424,PKBM BANUA MBASO TOBARAKA,"Jl. Tupai Raya, Palu RT./RW. 002/001",Kec. Palu Selatan,Kota Palu,Prov. Sulawesi Tengah,PKBM,SWASTA,-0.9138,119.8741
40203747,SD INPRES 3 BIROBULI,Jl. Banteng N0. 30,Kec. Palu Selatan,Kota Palu,Prov. Sulawesi Tengah,SD,NEGERI,-0.9316,119.8916
40201035,SD INPRES KOTARINDAU,Desa Kabobona,Kec. Dolo,Kab. Sigi,Prov. Sulawesi Tengah,SD,NEGERI,-0.9693,119.8843
40205435,TK TUNAS MEKAR,JL. BANTENG,Kec. Palu Selatan,Kota Palu,Prov. Sulawesi Tengah,TK,SWASTA,-0.930611,119.891449
40203773,SD INPRES 5 BIROBULI,Jl. Banteng No. 56,Kec. Palu Selatan,Kota Palu,Prov. Sulawesi Tengah,SD,NEGERI,-0.9316,119.892
P9934754,PKBM JABAL NUR,DESA KABOBONA,Kec. Dolo,Kab. Sigi,Prov. Sulawesi Tengah,PKBM,SWASTA,-0.9726825,119.8809751
40200977,SD INPRES SIBEDI,Desa Sibedi,Kec. Marawola,Kab. Sigi,Prov. Sulawesi Tengah,SD,NEGERI,-0.9803,119.8597
69794460,TK KARTIKA XXI-20 ,Jl. Emy Saelan no. 95 Palu,Kec. Palu Selatan,Kota Palu,Prov. Sulawesi Tengah,TK,SWASTA,-0.9141,119.8771
40203622,SMKS MANDALASILA PALU,JL. ZEBRA STAR NO. 8,Kec. Palu Selatan,Kota Palu,Prov. Sulawesi Tengah,SMK,SWASTA,-0.9208,119.8858
P2970527,PKBM PELITA ARUUM,Desa Kalukubula,Kec. Sigibiromaru,Kab. Sigi,Prov. Sulawesi Tengah,PKBM,SWASTA,-0.9482335,119.8953162
40200591,SMP YPST PORAME,Jl. Supaya ,Kec. Dolo,Kab. Sigi,Prov. Sulawesi Tengah,SMP,SWASTA,-0.9701,119.8857
40203505,SD NEGERI 8 PALU,Jl. Beringin No. 56 A,Kec. Tatanga,Kota Palu,Prov. Sulawesi Tengah,SD,NEGERI,-0.9089,119.8605
60725212,SMAS NUSANTARA,JL. SUPAYA,Kec. Dolo,Kab. Sigi,Prov. Sulawesi Tengah,SMA,SWASTA,-0.9703,119.8859
60728865,MIS MUHAMMADIYAH NUNU,JL. KALORA NO. 212,Kec. Palu Barat,Kota Palu,Prov. Sulawesi Tengah,MI,SWASTA,-0.909,119.8648
40209854,MAS MUHAMMADIYAH PALU,JL.KALORA NO 212 PALU,Kec. Tatanga,Kota Palu,Prov. Sulawesi Tengah,MA,SWASTA,-0.909,119.8649
40210295,MTSS MUHAMAMMADIYAH NUNU,JL. KALORANO.212 NUNU,Kec. Tatanga,Kota Palu,Prov. Sulawesi Tengah,MTs,SWASTA,-0.9089,119.8648
69854370,MIS Al khairaat Kotarindau,Desa Kotarindau. RT.005. RW. 003,Kec. Dolo,Kab. Sigi,Prov. Sulawesi Tengah,MI,SWASTA,-0.9757,119.88
40209884,MAS ALKHAIRAAT MADINATUL ILMI,JL. POROS KULAWI,Kec. Dolo,Kab. Sigi,Prov. Sulawesi Tengah,MA,SWASTA,-0.9756,119.8805
40205599,TK AL KHAIRAAT KOTARINDAU,JL. TRANS PALU-KULAWI,Kec. Dolo,Kab. Sigi,Prov. Sulawesi Tengah,TK,SWASTA,-0.976654,119.879327
164024  ,Akademi Farmasi Tadulako Farma ," JL. Dewi Sartika VII No.77 Kelurahan Birobuli Selatan Kecamatan Palu Selatan
 ",Kec. Palu Barat,Kota Palu,Prov. Sulawesi Tengah,Akademik,SWASTA,-0.9350087,119.8958105
60723511,MIS AL KHAIRAAT BOYAOGE,JL. BERINGIN NO. 7 A,Kec. Palu Barat,Kota Palu,Prov. Sulawesi Tengah,MI,SWASTA,-0.9079,119.857
60727767,MTSS ALKHAIRAAT MADINATUL ILMI,JL. POROS PALU KULAWI,Kec. Dolo,Kab. Sigi,Prov. Sulawesi Tengah,MTs,SWASTA,-0.9767,119.8798
40203536,SD NEGERI 14 PALU,Jl. Beringin No 7 A,Kec. Tatanga,Kota Palu,Prov. Sulawesi Tengah,SD,NEGERI,-0.9077,119.8569
60723514,MIS SIS-ALJUFRI PALU,JL. ANOA 1 No.34D,Kec. Palu Selatan,Kota Palu,Prov. Sulawesi Tengah,MI,SWASTA,-0.9118,119.8773
40203519,SMAS KARUNA DIPA,JL. SUNGAI LARIANG NO 21,Kec. Tatanga,Kota Palu,Prov. Sulawesi Tengah,SMA,SWASTA,-0.9073,119.8638
P9945678,PKBM NOSARARA NOSABATUTU,JL. ANOA I NO 58,Kec. Palu Selatan,Kota Palu,Prov. Sulawesi Tengah,PKBM,SWASTA,-0.9148,119.8829
40203721,SD KARUNA DIPA PALU,Jl. Sungai Lariang No. 21,Kec. Tatanga,Kota Palu,Prov. Sulawesi Tengah,SD,SWASTA,-0.9072,119.8629
69794514,TK MITRA ILMU,JL. BAMBU NO. 10B,Kec. Palu Barat,Kota Palu,Prov. Sulawesi Tengah,TK,SWASTA,-0.906484,119.858437
69794516,TK TUNAS TADULAKO,PONDOK PERMATA JL. BANTENG NO.A3 PALU,Kec. Palu Selatan,Kota Palu,Prov. Sulawesi Tengah,TK,SWASTA,-0.9309,119.8959
40200497,SD NEGERI 3 DOLO,Desa Kota Rindau,Kec. Dolo,Kab. Sigi,Prov. Sulawesi Tengah,SD,NEGERI,-0.9789,119.8785
40203573,SMP KARUNA DIPA PALU,Jl. Sungai Lariang No. 21,Kec. Tatanga,Kota Palu,Prov. Sulawesi Tengah,SMP,SWASTA,-0.9065,119.8639
40203664,SD INPRES 1 TATURA,Jl. Anoa I No. 66,Kec. Palu Selatan,Kota Palu,Prov. Sulawesi Tengah,SD,NEGERI,-0.9119,119.8804
69901313,SMP ISLAMIC SCHOOL PALU,"Jl.Anoa 1 No.63 B, Komp. Al-Ahqaaf",Kec. Palu Selatan,Kota Palu,Prov. Sulawesi Tengah,SMP,SWASTA,-0.9114,119.8797
40210297,MTSS SIS AL JUFRI TATURA PALU,JL. DARUSSALAM NO. 16,Kec. Palu Selatan,Kota Palu,Prov. Sulawesi Tengah,MTs,SWASTA,-0.9102,119.8776
40203751,SD INPRES 2 TATURA,Jl. Anoa I No. 66,Kec. Palu Selatan,Kota Palu,Prov. Sulawesi Tengah,SD,NEGERI,-0.9116,119.8803
40203613,SMKS BINA POTENSI,JL. DARUSSALAM NO. 16 PALU,Kec. Palu Selatan,Kota Palu,Prov. Sulawesi Tengah,SMK,SWASTA,-0.9102,119.8778
40203612,SMAN 3 PALU,JL. DEWI SARTIKA NO. 104,Kec. Palu Selatan,Kota Palu,Prov. Sulawesi Tengah,SMA,NEGERI,-0.932,119.897
69895443,SMK TOVEAKU,Jl. Lembu I No. 26,Kec. Palu Selatan,Kota Palu,Prov. Sulawesi Tengah,SMK,SWASTA,-0.932,119.897
69870899,SMP ISLAM TERPADU AL-FAHMI,Jl. Gelatik No. 88,Kec. Palu Selatan,Kota Palu,Prov. Sulawesi Tengah,SMP,SWASTA,-0.924483,119.894046
69794490,TK AL-FIQIHIYAH,Jl. ANOA NO.103 PALU,Kec. Palu Selatan,Kota Palu,Prov. Sulawesi Tengah,TK,SWASTA,-0.9123,119.883
40205448,TK GPID 2 PALU,JL. BATU-BATA INDAH 87,Kec. Palu Selatan,Kota Palu,Prov. Sulawesi Tengah,TK,SWASTA,-0.9143,119.886
40203583,SMP NEGERI 6 PALU,Jl. Dewi Sartika No. 81 Palu,Kec. Palu Selatan,Kota Palu,Prov. Sulawesi Tengah,SMP,NEGERI,-0.9309,119.898
60728248,MAS NURUL AMANAH DOLAGO,JL. PESANTREN NO. 99 DOLAGO KEC. PARIGI SELATAN,Kec. Parigi Selatan,Kab. Parigi Moutong,Prov. Sulawesi Tengah,MA,SWASTA,-0.9809,119.8795
69794451,TK HARAPAN MULIA,JL. BASUKI RAHMAT 1 NO. 20 PALU,Kec. Palu Selatan,Kota Palu,Prov. Sulawesi Tengah,TK,SWASTA,-0.9166,119.8895
40203706,SD ISLAM TERPADU PERSIS,Jl. Sungai Ojomojolo No 4 B,Kec. Tatanga,Kota Palu,Prov. Sulawesi Tengah,SD,SWASTA,-0.904,119.8624
40200639,SMP NEGERI 20 SIGI,Jl. Palu-Bangga KM. 12,Kec. Marawola,Kab. Sigi,Prov. Sulawesi Tengah,SMP,NEGERI,-0.9862,119.8604
40203624,SMKS FARMASI NUSANTARA PALU,JL.WOLTER MONGINSIDI NO.106A,Kec. Palu Selatan,Kota Palu,Prov. Sulawesi Tengah,SMK,SWASTA,-0.9064,119.8745
70025424,SMA IT Persis Palu,Jl. S. Sausu No. 19,Kec. Tatanga,Kota Palu,Prov. Sulawesi Tengah,SMA,SWASTA,-0.9036715,119.8624073
60723513,MIS AL KHAIRAAT BIROBULI,JL. BASUKI RAHMAT NO. 217,Kec. Palu Selatan,Kota Palu,Prov. Sulawesi Tengah,MI,SWASTA,-0.9187,119.892
233244  ,Sekolah Tinggi Teologi Marturia Palu, Jl. Batu Bata Indah N0. 87 A ,Kec. Palu Selatan,Kota Palu,Prov. Sulawesi Tengah,Sekolah Tinggi,SWASTA,-0.9137,119.8873053
69974058,KB JANNATUL MA WA,"JL. SEKUNDER, PERUM. KEHUTANAN NO. 62-63",Kec. Palu Selatan,Kota Palu,Prov. Sulawesi Tengah,KB,SWASTA,-0.9286,119.8982
40203729,SD PGRI PALU,Jalan Sungai Malino No. 118 A,Kec. Tatanga,Kota Palu,Prov. Sulawesi Tengah,SD,SWASTA,-0.9036,119.8646
40204349,SMP PGRI 2 PALU,Jalan. Sungai Malino No. 118 Palu,Kec. Tatanga,Kota Palu,Prov. Sulawesi Tengah,SMP,SWASTA,-0.9036,119.8648
40203511,SMAS PGRI 1 PALU,JL. MALINO NO. 118,Kec. Palu Barat,Kota Palu,Prov. Sulawesi Tengah,SMA,SWASTA,-0.9036,119.8648
40200550,SD NEGERI BEKA,Jl. Poros Palu Bangga,Kec. Marawola,Kab. Sigi,Prov. Sulawesi Tengah,SD,NEGERI,-0.9868,119.8625
40203586,SMP NEGERI 3 PALU,Jl. Kemiri No. 35,Kec. Palu Barat,Kota Palu,Prov. Sulawesi Tengah,SMP,NEGERI,-0.9029,119.8561
40210296,MTSN 3 KOTA PALU,JL. DEWI SARTIKA NO. 15 PALU,Kec. Palu Selatan,Kota Palu,Prov. Sulawesi Tengah,MTs,NEGERI,-0.9399,119.9021
69978418,TK PELANGI RUMAH BERMAIN,JL. SEKUNDER II NO 9,Kec. Palu Selatan,Kota Palu,Prov. Sulawesi Tengah,TK,SWASTA,-0.9307,119.9006
69974059,TK JANNATUL MA WA,"JL. SEKUNDER, PERUM. KEHUTANAN NO. 62-63",Kec. Palu Selatan,Kota Palu,Prov. Sulawesi Tengah,TK,SWASTA,-0.9283,119.9005
70006660,TK IT ALFATIH,Jl. Dahlia No. 50,Kec. Sigibiromaru,Kab. Sigi,Prov. Sulawesi Tengah,TK,SWASTA,-0.9539,119.9107
40205077,TK ANATAPURA LOLU,JL. MUTAJI,Kec. Sigibiromaru,Kab. Sigi,Prov. Sulawesi Tengah,TK,SWASTA,-0.9556833,119.9113317
69819710,MIS An-Naarojil,Jl. Balintuma RT. 01/08 Desa Kalukubula,Kec. Sigibiromaru,Kab. Sigi,Prov. Sulawesi Tengah,MI,SWASTA,-0.9681,119.8965
40200538,SD NEGERI 2 BIROMARU,Jl. Anggrek No. 11,Kec. Sigibiromaru,Kab. Sigi,Prov. Sulawesi Tengah,SD,NEGERI,-0.9505099,119.9134197
40206565,SMKS ISLAMIC CENTER BERBASIS PONDOK PESANTREN SULAWESI TENGAH,JL. Pue Lasadindi Bukit Ajwa Center Lompio,Kec. Sigibiromaru,Kab. Sigi,Prov. Sulawesi Tengah,SMK,SWASTA,-0.9368,119.9127
40203810,SLB Biromaru ,Jl. Mutaji,Kec. Sigibiromaru,Kab. Sigi,Prov. Sulawesi Tengah,SLB,SWASTA,-0.9559,119.9118
40205428,TK NEGERI PEMBINA,JL. Baruga NO. 15,Kec. Mantikulore,Kota Palu,Prov. Sulawesi Tengah,TK,NEGERI,-0.9251,119.9048
40200587,SMP NEGERI 1 SIGI,JALAN KARANJA LEMBAH NO 21,Kec. Sigibiromaru,Kab. Sigi,Prov. Sulawesi Tengah,SMP,NEGERI,-0.9502,119.9148
60723504,MIS ALKHAIRAAT BIROMARU,JL. MASJID AL-IKHLAS NO. 01,Kec. Sigibiromaru,Kab. Sigi,Prov. Sulawesi Tengah,MI,SWASTA,-0.9467,119.9157
40210284,MTSS ALKHAIRAAT BIROMARU,JL. TONDEI NO. 21 B,Kec. Sigibiromaru,Kab. Sigi,Prov. Sulawesi Tengah,MTs,SWASTA,-0.9474,119.9167
40203637,SDN INPRES 1 BIROBULI,Jl. Abdul Rahman Saleh No. 78 B,Kec. Palu Selatan,Kota Palu,Prov. Sulawesi Tengah,SD,NEGERI,-0.9195,119.8994
40200984,SD NEGERI 1 BIROMARU,Jl. Tondei No. 18,Kec. Sigibiromaru,Kab. Sigi,Prov. Sulawesi Tengah,SD,NEGERI,-0.9476028,119.9171238
40203756,SD INPRES 4 BIROBULI,Jl. Abdul Rahman Saleh No. 74,Kec. Palu Selatan,Kota Palu,Prov. Sulawesi Tengah,SD,NEGERI,-0.9194,119.8994
40205093,TK PERTIWI BIROMARU,JL. TONDEI NO. 2,Kec. Sigibiromaru,Kab. Sigi,Prov. Sulawesi Tengah,TK,SWASTA,-0.949662,119.917
40203726,SD NEGERI 1 PETOBO,Jl. Pendidikan Kelurahan Petobo,Kec. Palu Selatan,Kota Palu,Prov. Sulawesi Tengah,SD,NEGERI,-0.9381,119.9167
40203654,SD INPRES 2 BIROBULI,Jl. Gelatik No. 20,Kec. Palu Selatan,Kota Palu,Prov. Sulawesi Tengah,SD,NEGERI,-0.9168,119.8943
40200496,SD NEGERI LOLU,Jl.lasoso No. 18 Lolu Biromaru,Kec. Sigibiromaru,Kab. Sigi,Prov. Sulawesi Tengah,SD,NEGERI,-0.9557,119.9166
40209877,MAS ALKHAIRAAT BIROMARU,"JL. PRAMUKA, LRG. MASJID AN NUR",Kec. Sigibiromaru,Kab. Sigi,Prov. Sulawesi Tengah,MA,SWASTA,-0.9517,119.9179
40203501,SD NEGERI BIRO,Jl. Gelatik No. 20,Kec. Palu Selatan,Kota Palu,Prov. Sulawesi Tengah,SD,NEGERI,-0.9166,119.8944
69958314,KB IT PELITA HATI,JL. GELATIK NO. 88 A,Kec. Palu Selatan,Kota Palu,Prov. Sulawesi Tengah,KB,SWASTA,-0.916269,119.891826
69944199,SD ISLAM TERPADU INSAN GEMILANG,Desa Lolu Jl. Beringin,Kec. Sigibiromaru,Kab. Sigi,Prov. Sulawesi Tengah,SD,SWASTA,-0.9595,119.9156
40201049,SD INPRES BIROMARU,Jl. Bumi Jaya I,Kec. Sigibiromaru,Kab. Sigi,Prov. Sulawesi Tengah,SD,NEGERI,-0.9505609,119.9201386
40205075,TK PGRI BIROMARU,JL. BUMI JAYA NO. 1,Kec. Sigibiromaru,Kab. Sigi,Prov. Sulawesi Tengah,TK,SWASTA,-0.9513681,119.9200885
40201095,SD INPRES LOLU,Desa Lolu,Kec. Sigibiromaru,Kab. Sigi,Prov. Sulawesi Tengah,SD,NEGERI,-0.9609,119.9165
P9996127,PKBM MEDHIVA,JL. HM. SOEHARTO,Kec. Palu Selatan,Kota Palu,Prov. Sulawesi Tengah,PKBM,SWASTA,-0.9174824,119.9063301
60727755,MTSS ALKHAIRAAT MOUTONG,Jl. Trans Sulawesi No. 87 ,Kec. Moutong,Kab. Parigi Moutong,Prov. Sulawesi Tengah,MTs,SWASTA,-0.935,119.9205
40203715,SD INPRES PETOBO,Jl. JEND. H.M. SOEHARTO,Kec. Palu Selatan,Kota Palu,Prov. Sulawesi Tengah,SD,NEGERI,-0.9366,119.9223
69958315,TK IT PELITA HATI,JL. GELATIK NO. 88 A,Kec. Palu Selatan,Kota Palu,Prov. Sulawesi Tengah,TK,SWASTA,-0.9115,119.8923
40204370,SD ISLAM TERPADU AL FAHMI PALU,Jl. Gelatik No.88,Kec. Palu Selatan,Kota Palu,Prov. Sulawesi Tengah,SD,SWASTA,-0.9115,119.8923
69759215,SLB NEGERI 2 PALU,"Jl. Nambo lrg, I, No. I Palu",Kec. Palu Selatan,Kota Palu,Prov. Sulawesi Tengah,SLB,NEGERI,-0.9312,119.9217
69794475,TK BINA MANDIRI,JL. GAGAK NO.5,Kec. Palu Selatan,Kota Palu,Prov. Sulawesi Tengah,TK,SWASTA,-0.910454,119.893627
40203707,SD ISLAM IQRA PETOBO,JL TAIPA KANA,Kec. Palu Selatan,Kota Palu,Prov. Sulawesi Tengah,SD,SWASTA,-0.9397,119.9248
40210266,MTSS ALKHAIRAAT LANGALESO,JL. Tadulako Desa Langaleso,Kec. Dolo,Kab. Sigi,Prov. Sulawesi Tengah,MTs,SWASTA,-0.9814,119.8968
69913724,PAUD TERPADU LENTORA,DESA LANGALESO,Kec. Dolo,Kab. Sigi,Prov. Sulawesi Tengah,TK,SWASTA,-0.981489,119.896693
69762615,SMP BK JONO OGE,Jl Sandjo desa Jonooge,Kec. Sigibiromaru,Kab. Sigi,Prov. Sulawesi Tengah,SMP,SWASTA,-0.9757,119.911
40200425,SD NEGERI LANGALESO,Jl. Tadulako,Kec. Dolo,Kab. Sigi,Prov. Sulawesi Tengah,SD,NEGERI,-0.981772,119.89635
69759205,SMKS AL-IKHSAN SIGI,LANGALESO,Kec. Dolo,Kab. Sigi,Prov. Sulawesi Tengah,SMK,SWASTA,-0.9809,119.9002
40200896,SD BK Jonooge ,Jl. Sandjo,Kec. Sigibiromaru,Kab. Sigi,Prov. Sulawesi Tengah,SD,SWASTA,-0.976,119.911
69944017,TK MADAMBA,JL. TG. MANIMBAYA NO. 135,Kec. Palu Selatan,Kota Palu,Prov. Sulawesi Tengah,TK,SWASTA,-0.9082,119.8826
40200724,SMA NEGERI 1 SIGI,JL. KIHAJAR DEWANTORO NO.127,Kec. Sigibiromaru,Kab. Sigi,Prov. Sulawesi Tengah,SMA,NEGERI,-0.9636,119.9228
40200780,SD INPRES 1 LANGALESO,Jl.tadulako,Kec. Dolo,Kab. Sigi,Prov. Sulawesi Tengah,SD,NEGERI,-0.9832,119.8917
165004  ,Politeknik Cendrawasih Palu,,,Kota Palu,Prov. Sulawesi Tengah,Politeknik,Aktif,-0.9066561,119.8944211
164012  ,Akademi Kebidanan Palu Sulawesi Tengah,Jalan Cenderawasih No 44 Palu Sulawesi Tengah.,Kec. Palu Barat,Kota Palu,Prov. Sulawesi Tengah,Akademik,SWASTA,-0.906631,119.894508
P9996655,PKBM MAPANDE SINGGANI,"Jl. Poros Palu-Palolo, Desa Sidera Kec. Sigi Kota Kab. Sigi",Kec. Sigibiromaru,Kab. Sigi,Prov. Sulawesi Tengah,PKBM,SWASTA,-0.9472956,119.9286896
69889212,TK AL-AMANAH,LORONG AL-AMANAH,Kec. Sigibiromaru,Kab. Sigi,Prov. Sulawesi Tengah,TK,SWASTA,-0.9745552,119.9164889
70005452,SMA Islam Otak Kanan Shalahuddin Al-Ayyubi,"Jl. Basuki Rahmat, Lrg Nusantara No. 15 A",Kec. Palu Selatan,Kota Palu,Prov. Sulawesi Tengah,SMA,SWASTA,-0.9343696,119.9284738
40203574,SMP GKST PALU,Jl. Prof. Moh Yamin Palu,Kec. Palu Timur,Kota Palu,Prov. Sulawesi Tengah,SMP,SWASTA,-0.9042,119.89
40203514,SMAS GKST IMANUEL,JL. PROF. MOH. YAMIN NO. 25,Kec. Mantikulore,Kota Palu,Prov. Sulawesi Tengah,SMA,SWASTA,-0.9038,119.8899
69974868,SD ISLAM MODERN,JL.Sumba Djono No.07,Kec. Sigibiromaru,Kab. Sigi,Prov. Sulawesi Tengah,SD,SWASTA,-0.9752,119.9181
40200722,SMA NEGERI 2 SIGI,JL. DAYOSAWI NO.121,Kec. Dolo,Kab. Sigi,Prov. Sulawesi Tengah,SMA,NEGERI,-0.9843,119.8768
40203587,SMP NEGERI 21 PALU,Jl. Tanggul Mas Petobo,Kec. Palu Selatan,Kota Palu,Prov. Sulawesi Tengah,SMP,NEGERI,-0.9274,119.9278
40205434,TK IMANUEL GKST,JL. MOH. YAMIN PALU,Kec. Palu Selatan,Kota Palu,Prov. Sulawesi Tengah,TK,SWASTA,-0.9031,119.8901
69908883,TK NEGERI PEMBINA DOLO,"JL. POROS PALU - KULAWI, TULO",Kec. Dolo,Kab. Sigi,Prov. Sulawesi Tengah,TK,NEGERI,-0.9846,119.8759
40203772,SD INPRES 5 LOLU,Jl. Tanjung Tada No. 6 B Palu,Kec. Palu Timur,Kota Palu,Prov. Sulawesi Tengah,SD,NEGERI,-0.903,119.8865
69844487,TK HARAPAN BANGSA JONO OGE,YURASUKU/JONO OGE,Kec. Sigibiromaru,Kab. Sigi,Prov. Sulawesi Tengah,TK,SWASTA,-0.9800235,119.9134661
40203554,SD NEGERI 27 PALU,Jl. Tg. Tada No. 6b,Kec. Palu Timur,Kota Palu,Prov. Sulawesi Tengah,SD,NEGERI,-0.9029,119.8862
40209784,SD ISLAM AL AKBAR PETOBO,Jl.Jend.H.M.Soeharto,Kec. Palu Selatan,Kota Palu,Prov. Sulawesi Tengah,SD,SWASTA,-0.9334,119.9321
69987978,SLBS Mekar Abadi Palu,Jl. Kebun Sari No. 75,Kec. Palu Selatan,Kota Palu,Prov. Sulawesi Tengah,SLB,SWASTA,-0.9345,119.9335
40203528,SD NEGERI 2 PETOBO,Jalan H.M Soeharto Kelurahan Petobo,Kec. Palu Selatan,Kota Palu,Prov. Sulawesi Tengah,SD,NEGERI,-0.9332,119.9328
69844492,TK ANATAPURA PAROVO,JLN. H. DM. DJAELANGKARA,Kec. Sigibiromaru,Kab. Sigi,Prov. Sulawesi Tengah,TK,SWASTA,-0.9476,119.9392
P9984656,PKBM MULIA KASIH,Desa Lolu,Kec. Sigibiromaru,Kab. Sigi,Prov. Sulawesi Tengah,PKBM,SWASTA,-0.9297553,119.9345126
69905317,TK IQRA 1 LORU,TK IQRA 1 LORU,Kec. Sigibiromaru,Kab. Sigi,Prov. Sulawesi Tengah,TK,SWASTA,-0.957877,119.9371929
40200471,SD NEGERI PAROVO,Desa Loru,Kec. Sigibiromaru,Kab. Sigi,Prov. Sulawesi Tengah,SD,NEGERI,-0.9467312,119.9419933
40200440,SD NEGERI INTI LORU,Jl.Pramuka,Kec. Sigibiromaru,Kab. Sigi,Prov. Sulawesi Tengah,SD,NEGERI,-0.9598,119.9367
69844532,PELITA HATI,JL. PRAMUKA NO 58,Kec. Sigibiromaru,Kab. Sigi,Prov. Sulawesi Tengah,KB,SWASTA,-0.9644917,119.9391133
40204383,SMP NEGERI 27 SIGI,Jl. Padat Karya Desa Loru,Kec. Sigibiromaru,Kab. Sigi,Prov. Sulawesi Tengah,SMP,NEGERI,-0.9574532,119.9460273
40201086,SD INPRES POMBEWE,Jl. Pramuka,Kec. Sigibiromaru,Kab. Sigi,Prov. Sulawesi Tengah,SD,NEGERI,-0.966137,119.9404
P9996455,PKBM MUTIARA,PERUMAHAN KORPRI BLO B 2 NO. 40,Kec. Mantikulore,Kota Palu,Prov. Sulawesi Tengah,PKBM,SWASTA,-0.9175,119.9335
69844488,TK ANATA SINGGANI,JL. SIMOROA,Kec. Sigibiromaru,Kab. Sigi,Prov. Sulawesi Tengah,TK,SWASTA,-0.9731312,119.9342908
70034089,MA LUQMANUL  HAKIM,Jln.Padat Karya No 3 rw 1 rt 1,Kec. Sigibiromaru,Kab. Sigi,Prov. Sulawesi Tengah,MA,SWASTA,-0.9633,119.9479
40206011,KB PAUD PERMATA HATI POMBEWE,DESA POMBEWE,Kec. Sigibiromaru,Kab. Sigi,Prov. Sulawesi Tengah,KB,SWASTA,-0.9679687,119.9448184
40206027,TK LUKMAN AL HAKIM NGATABARU,JL. TADULAKO,Kec. Sigibiromaru,Kab. Sigi,Prov. Sulawesi Tengah,TK,SWASTA,-0.925963,119.9490295
40200430,SD NEGERI KAPOPO,Desa Ngatabaru,Kec. Sigibiromaru,Kab. Sigi,Prov. Sulawesi Tengah,SD,NEGERI,-0.9253864,119.950292
40203490,SD NEGERI KAWATUNA,Jl. Gunung Lolo No.27,Kec. Mantikulore,Kota Palu,Prov. Sulawesi Tengah,SD,NEGERI,-0.909,119.9234
40203635,SD INPRES 1 KAWATUNA,Jl Gunung Lolo No. 29,Kec. Mantikulore,Kota Palu,Prov. Sulawesi Tengah,SD,NEGERI,-0.909,119.9239
60723518,MIS ALKHAIRAAT KAWATUNA,JL. MELATI,Kec. Mantikulore,Kota Palu,Prov. Sulawesi Tengah,MI,SWASTA,-0.9089,119.9236
69788043,MAS NIDA`UL KHAIRAAT,JL. MAHFUD GODAL DUSUN III DESA POMBEWE,Kec. Sigibiromaru,Kab. Sigi,Prov. Sulawesi Tengah,MA,SWASTA,-0.9737,119.9425
40201061,SD INPRES JONO OGE,Jl. Lasoso,Kec. Sigibiromaru,Kab. Sigi,Prov. Sulawesi Tengah,SD,NEGERI,-0.981375,119.916218
40210289,MTSS NIDA`UL KHAIRAAT POMBEWE,"JL. KH. MAHFUD GODAL, DUSUN III DESA POMBEWE",Kec. Sigibiromaru,Kab. Sigi,Prov. Sulawesi Tengah,MTs,SWASTA,-0.9749,119.9416
60727766,MTSS ALKHAIRAAT TOMINI,JLN . TRANS SULAWESI TOMINI  KEC. TOMINI,Kec. Tomini,Kab. Parigi Moutong,Prov. Sulawesi Tengah,MTs,SWASTA,-0.9772,119.9384
70005153,SMA IT AL FAHMI BS PALU,Blok G8 BTN Lasoani Bawah Kel . Lasoani,Kec. Mantikulore,Kota Palu,Prov. Sulawesi Tengah,SMA,SWASTA,-0.9058,119.9127
40205092,TK IQRA POMBEWE,DESA POMBEWE,Kec. Sigibiromaru,Kab. Sigi,Prov. Sulawesi Tengah,TK,SWASTA,-0.976,119.9467
60723502,MIS ALKHAIRAT POMBEWE,JL. ALAUDIN,Kec. Sigibiromaru,Kab. Sigi,Prov. Sulawesi Tengah,MI,SWASTA,-0.9765,119.9462
40200468,SD NEGERI POMBEWE,Jl. Pramuka,Kec. Sigibiromaru,Kab. Sigi,Prov. Sulawesi Tengah,SD,NEGERI,-0.9755824,119.9473362
40206024,TK SATU ATAP SDN POMBEWE,JL. PRAMUKA,Kec. Sigibiromaru,Kab. Sigi,Prov. Sulawesi Tengah,TK,NEGERI,-0.9762394,119.9474175
69911080,KB BULILI JAYA NGATABARU,PAUD TERPADU BULILI JAYA NGATABARU,Kec. Sigibiromaru,Kab. Sigi,Prov. Sulawesi Tengah,KB,SWASTA,-0.92355,119.9559983
69954576,TK ASNUR,BTN LASOANI BLOK J2 NO. 15,Kec. Mantikulore,Kota Palu,Prov. Sulawesi Tengah,TK,SWASTA,-0.9032,119.9077
P9934679,PKBM SINTUWU NAROSO,Jl. Pramuka Desa Loru Kec. Sigi Biromaru,Kec. Sigibiromaru,Kab. Sigi,Prov. Sulawesi Tengah,PKBM,SWASTA,-0.9526752,119.9805811
40204381,SD NEGERI TOMPU,Dusun IV Tompu,Kec. Sigibiromaru,Kab. Sigi,Prov. Sulawesi Tengah,SD,NEGERI,-0.9277333,119.990605
69953089,PAUD TERPADU BUKIT NUR,DESA LORU,Kec. Sigibiromaru,Kab. Sigi,Prov. Sulawesi Tengah,TK,SWASTA,-0.9259442,119.989901
P9996188,PKBM MERAH PUTIH,Jl. Trans Sulawesi,Kec. Banawa Selatan,Kab. Donggala,Prov. Sulawesi Tengah,PKBM,SWASTA,-0.8865205,119.7430295
40200687,SD NEGERI TONDO G,Desa Kanuna,Kec. Kinovaro,Kab. Sigi,Prov. Sulawesi Tengah,SD,NEGERI,-0.8972,119.8279
40209795,TK AL-AMIN KANUNA,JL. BUVU MPEMATA NO. 3,Kec. Kinovaro,Kab. Sigi,Prov. Sulawesi Tengah,TK,SWASTA,-0.897531,119.828169
69948753,SDN 2 KALORA,Desa Kalora,Kec. Kinovaro,Kab. Sigi,Prov. Sulawesi Tengah,SD,NEGERI,-0.8858,119.8189
P9952517,PKBM KABELOTA,Desa Kalora,Kec. Kinovaro,Kab. Sigi,Prov. Sulawesi Tengah,PKBM,SWASTA,-0.8773959,119.8022822
40203580,SMP NEGERI 13 PALU,Jl. Munif Rahman II No.02,Kec. Ulujadi,Kota Palu,Prov. Sulawesi Tengah,SMP,NEGERI,-0.8939,119.8332
69995311,Pondok Pesantren Ummul Khairaat,jln.puenjidi kabonena,Kec. Ulujadi,Kota Palu,Prov. Sulawesi Tengah,Pondok Pesantren,SWASTA,-0.8875,119.8291
40203740,SDN INPRES DONGGALA KODI,Jl. Sultan Alaudin No.6 B,Kec. Ulujadi,Kota Palu,Prov. Sulawesi Tengah,SD,NEGERI,-0.8999,119.8378
40203499,SD NEGERI DONGGALA KODI,Jl Gawalise No.6b Palu,Kec. Ulujadi,Kota Palu,Prov. Sulawesi Tengah,SD,NEGERI,-0.9,119.838
40203720,SD INPRES KABONENA,Jl. Munif Rahman No 9,Kec. Ulujadi,Kota Palu,Prov. Sulawesi Tengah,SD,NEGERI,-0.8928,119.8343
40203497,SD NEGERI KABONENA,Jl. Munif Rahman No 11 B,Kec. Ulujadi,Kota Palu,Prov. Sulawesi Tengah,SD,NEGERI,-0.8926,119.8346
69961201,SD ISLAM CAHAYA KHALIFAH,JL. Munif Rahman No. 99 A,Kec. Ulujadi,Kota Palu,Prov. Sulawesi Tengah,SD,SWASTA,-0.896289,119.836767
69794455,KB SAKINAH,Jl. Munif Rahman Kel. Donggala Kodi,Kec. Palu Barat,Kota Palu,Prov. Sulawesi Tengah,KB,SWASTA,-0.8992,119.839
69844501,TK ULUJADI KALORA,DESA KALORA,Kec. Kinovaro,Kab. Sigi,Prov. Sulawesi Tengah,TK,SWASTA,-0.875747,119.81669
P9954282,PKBM KATULISTIWA,Jl. Cemara Palu,Kec. Palu Barat,Kota Palu,Prov. Sulawesi Tengah,PKBM,SWASTA,-0.9001,119.8404
69819711,MIS An Nur Buuts,Jl. Samudra Pasifik Kelurahan Kabonena,Kec. Ulujadi,Kota Palu,Prov. Sulawesi Tengah,MI,SWASTA,-0.8911,119.8379
60728862,MIS DARUL IMAN,JL. ASAM II Lrg. IV. No. 24A Palu Barat,Kec. Palu Barat,Kota Palu,Prov. Sulawesi Tengah,MI,SWASTA,-0.895,119.844
69975425,KB NAJADI TO PANDE,JL. KEDONDONG NO. 5 ,Kec. Palu Barat,Kota Palu,Prov. Sulawesi Tengah,KB,SWASTA,-0.8971,119.8467
K5649419,LKP Diana,"Jl.Kunduri 07 Palu, Sulteng",Kec. Palu Barat,Kota Palu,Prov. Sulawesi Tengah,Kursus,SWASTA,-0.902012,119.850953
60723509,MIS AL MUHAJIRIN,JL. KUNDURI NO. 1,Kec. Palu Barat,Kota Palu,Prov. Sulawesi Tengah,MI,SWASTA,-0.9013,119.8507
69955799,Darul Iman,Jl. Asam II Lrg. IV No.24A,Kec. Palu Barat,Kota Palu,Prov. Sulawesi Tengah,MA,SWASTA,-0.895,119.8455
40210294,MTSS DARUL IMAN,JL.ASAM II No. 24 A,Kec. Palu Barat,Kota Palu,Prov. Sulawesi Tengah,MTs,SWASTA,-0.8948,119.8453
69751249,RA/BA/TA DARUL IMAN,JL. ASAM II NO. 24 A LRG 4 PALU,Kec. Palu Barat,Kota Palu,Prov. Sulawesi Tengah,RA,SWASTA,-0.8944,119.8448
60727741,MTSS AL-MUHAJIRIN,JL. KUNDURI NO. KOMPLEK MESJID AL-MUHAJIRIN,Kec. Palu Barat,Kota Palu,Prov. Sulawesi Tengah,MTs,SWASTA,-0.9012,119.8513
69994405,MTs TERPADU AN NUR BUUTS,JL SAMUDRA PASIFIK,Kec. Ulujadi,Kota Palu,Prov. Sulawesi Tengah,MTs,SWASTA,-0.890986,119.838427
40203745,SD INPRES 3 LERE,Jl. Asam 2 No. 28 Palu Barat,Kec. Palu Barat,Kota Palu,Prov. Sulawesi Tengah,SD,NEGERI,-0.8941,119.8454
40203755,SD INPRES 2 LERE,Jl. Asam 2 No. 44,Kec. Palu Barat,Kota Palu,Prov. Sulawesi Tengah,SD,NEGERI,-0.8941,119.8455
40203550,SD NEGERI 4 PALU,Jl. Lombok No. B7,Kec. Palu Barat,Kota Palu,Prov. Sulawesi Tengah,SD,NEGERI,-0.9026,119.8557
40203653,SD INPRES 2 KAMONJI,Jl. Lombok No A7,Kec. Palu Barat,Kota Palu,Prov. Sulawesi Tengah,SD,NEGERI,-0.902,119.8559
40203541,SD NEGERI 20 PALU,Jl. Lombok No. C-7,Kec. Palu Barat,Kota Palu,Prov. Sulawesi Tengah,SD,NEGERI,-0.9017,119.8563
40203538,SD NEGERI 12 PALU,Jl. Jambu No. 51,Kec. Palu Barat,Kota Palu,Prov. Sulawesi Tengah,SD,NEGERI,-0.8991,119.8551
20403636,SD INPRES 1 KAMONJI,Jl. Jambu No. 51,Kec. Palu Barat,Kota Palu,Prov. Sulawesi Tengah,SD,NEGERI,-0.899149,119.855194
40203577,SMP ALKHAIRAAT 2 PALU,Jl. Mangga No. 31-33,Kec. Palu Barat,Kota Palu,Prov. Sulawesi Tengah,SMP,SWASTA,-0.9004,119.8567
69787934,SDI RAUDHATUL JANNAH,JL. LASOSO LRG. VII,Kec. Ulujadi,Kota Palu,Prov. Sulawesi Tengah,SD,SWASTA,-0.8854,119.8396
40203617,SMKS KELAS JAUH DI PONPES PUTRI ALKHAERAAT PALU,JL. SIS AL JUFRI NO. 47 PALU,Kec. Palu Barat,Kota Palu,Prov. Sulawesi Tengah,SMK,SWASTA,-0.901,119.8578
40205458,TK ALKHAIRAAT 1 PALU,JL. MANGGA NO. 2,Kec. Palu Barat,Kota Palu,Prov. Sulawesi Tengah,TK,SWASTA,-0.9013,119.858
40205468,TK AISYIYAH II,JL. DURIAN NO. 45,Kec. Palu Barat,Kota Palu,Prov. Sulawesi Tengah,TK,SWASTA,-0.895765,119.854558
40203521,SMAS AL KHAIRAAT 1 PALU,JL. SIS ALJUFRI NO.44,Kec. Palu Barat,Kota Palu,Prov. Sulawesi Tengah,SMA,SWASTA,-0.9002,119.8575
40205570,TK SITTI MASYITHAH,LERE,Kec. Palu Barat,Kota Palu,Prov. Sulawesi Tengah,TK,SWASTA,-0.8929,119.8521
40203510,SMAS PGRI 2 PALU,JL MOKOLEMBAKE NO. 3,Kec. Palu Barat,Kota Palu,Prov. Sulawesi Tengah,SMA,SWASTA,-0.8899,119.8489
40203596,SMP ALKHAIRAAT 1 PALU,Jl. Sis Aljufri No. 40 Palu,Kec. Palu Barat,Kota Palu,Prov. Sulawesi Tengah,SMP,SWASTA,-0.8996,119.8575
40203611,SMAN 4 PALU,JL. MOKOLEMBAKE NO.1,Kec. Palu Barat,Kota Palu,Prov. Sulawesi Tengah,SMA,NEGERI,-0.8892,119.8482
40203760,SD INPRES BUMI BAHARI,Jl. Tomampe No 10,Kec. Palu Barat,Kota Palu,Prov. Sulawesi Tengah,SD,NEGERI,-0.8871,119.845
40209853,MAS ALKHAIRAAT PUSAT PALU,JL. SIS-ALJUFRI NO. 44,Kec. Palu Barat,Kota Palu,Prov. Sulawesi Tengah,MA,SWASTA,-0.8992,119.8577
60728895,MTS ALKHAIRAAT PUSAT PALU,JL. SIS AL-JUFRI N0. 36,Kec. Palu Barat,Kota Palu,Prov. Sulawesi Tengah,MTs,SWASTA,-0.9006,119.8586
K5665125,LKP AQVIR,Jl.Sis-Aljufri II no.5 Kota Palu ,Kec. Palu Barat,Kota Palu,Prov. Sulawesi Tengah,Kursus,SWASTA,-0.9016,119.8591
40203645,SD ALKHAIRAAT 1 PALU,Jl. Sis Aljufri No.44,Kec. Palu Barat,Kota Palu,Prov. Sulawesi Tengah,SD,SWASTA,-0.8991,119.8584
161006  ,Universitas Alkhairaat,Jalan Diponegoro No 39 Palu,Kec. Palu Barat,Kota Palu,Prov. Sulawesi Tengah,Universitas,SWASTA,-0.89031,119.851927
40203625,SMKS ALKHAIRAAT PALU,JL. SIS. ALJUFRI NO. 36,Kec. Palu Barat,Kota Palu,Prov. Sulawesi Tengah,SMK,SWASTA,-0.8991737,119.8590267
201025  ,Universitas Islam Negeri Datokarama Palu,,,Kota Palu,Prov. Sulawesi Tengah,Universitas,Aktif,-0.8855112,119.845852
40203530,SD NEGERI 2 PALU,Jl. Imam Bonjol No.220,Kec. Palu Barat,Kota Palu,Prov. Sulawesi Tengah,SD,NEGERI,-0.8946,119.8566
40203546,SD NEGERI 6 PALU,Jl. Imam Bonjol No 222,Kec. Palu Barat,Kota Palu,Prov. Sulawesi Tengah,SD,NEGERI,-0.8944,119.8565
40203713,SDN INPRES SILAE,Jl. Munif Rahman 1,Kec. Ulujadi,Kota Palu,Prov. Sulawesi Tengah,SD,NEGERI,-0.8819,119.8376
203024  ,STAIN Datokarama Palu, Jl. Diponegoro No. 23 Palu 94221,Kec. Palu Barat,Kota Palu,Prov. Sulawesi Tengah,Sekolah Tinggi,NEGERI,-0.884601,119.845454
202019  ,Institut Agama Islam Negeri Palu ,-,Kec. Palu Barat,Kota Palu,Prov. Sulawesi Tengah,Institut,NEGERI,-0.884289,119.845454
69794488,KB ANUTA PASANGGANI,HASANUDDIN TOTO KELURAHAN SILAE,Kec. Palu Barat,Kota Palu,Prov. Sulawesi Tengah,KB,SWASTA,-0.8805,119.8342
40203737,SD KATOLIK  SANTO ANTONIUS PALU,Jl.Danau Poso 23,Kec. Palu Barat,Kota Palu,Prov. Sulawesi Tengah,SD,SWASTA,-0.8997,119.8617
40203516,SMAS KATOLIK,JL. DANAU POSO NO. 23,Kec. Palu Barat,Kota Palu,Prov. Sulawesi Tengah,SMA,SWASTA,-0.8993,119.862
40203565,SMP KATOLIK SANTO PAULUS PALU,Jl. Danau Poso No. 8,Kec. Palu Barat,Kota Palu,Prov. Sulawesi Tengah,SMP,SWASTA,-0.8991,119.862
40203749,SDN INPRES 2 UJUNA,Jl. Sungai Moutong No 1 Palu,Kec. Palu Barat,Kota Palu,Prov. Sulawesi Tengah,SD,NEGERI,-0.9008,119.8629
40203662,SD INPRES 1 UJUNA,Jl. Sungai Moutong No. 1,Kec. Palu Barat,Kota Palu,Prov. Sulawesi Tengah,SD,NEGERI,-0.901,119.8632
40203523,SLB ABCD MUHAMMADIYAH,Jl. Tompi No. 15 Palu,Kec. Palu Barat,Kota Palu,Prov. Sulawesi Tengah,SLB,SWASTA,-0.8903,119.8565
40203732,SD MUHAMMADIYAH 3 PALU,Jl. Tompi No. 29,Kec. Palu Barat,Kota Palu,Prov. Sulawesi Tengah,SD,SWASTA,-0.8906,119.8568
40203569,SMP MUHAMMADIYAH 1 PALU,Jl. Tompi No. 29,Kec. Palu Barat,Kota Palu,Prov. Sulawesi Tengah,SMP,SWASTA,-0.8906,119.8569
P9984840,PKBM KANA MAPANDE,Jln. Sungai Malei No. 28 Palu,Kec. Palu Barat,Kota Palu,Prov. Sulawesi Tengah,PKBM,SWASTA,-0.8997,119.863
40203764,SD INPRES BARU,Jl. Wahid Hasyim No.23,Kec. Palu Barat,Kota Palu,Prov. Sulawesi Tengah,SD,NEGERI,-0.8933,119.8592
40203503,SD NEGERI 9 PALU,Jl.wahid Hasyim No.32,Kec. Palu Barat,Kota Palu,Prov. Sulawesi Tengah,SD,NEGERI,-0.8931,119.8592
40203540,SD NEGERI 11 PALU,Jl. Kh Wahid Hasyim 35 Palu,Kec. Palu Barat,Kota Palu,Prov. Sulawesi Tengah,SD,NEGERI,-0.8931,119.8592
40205574,TK SINGGANI,JL. Sungai Gumbasa 30 F Palu,Kec. Palu Barat,Kota Palu,Prov. Sulawesi Tengah,TK,SWASTA,-0.9005,119.8638
40203650,SD INPRES 1 LERE,Jl. Selar,Kec. Palu Barat,Kota Palu,Prov. Sulawesi Tengah,SD,NEGERI,-0.8882,119.8552
40203562,SMP NEGERI 10 PALU,Jl. Cumi Cumi No. 40 PALU,Kec. Palu Barat,Kota Palu,Prov. Sulawesi Tengah,SMP,NEGERI,-0.8859,119.8528
60728893,MTS DDI UJUNA,JL. S.LEWARA NO. 12,Kec. Palu Barat,Kota Palu,Prov. Sulawesi Tengah,MTs,SWASTA,-0.8963,119.8619
70046200,PPS. TAHFIDZUL QUR`AN PUTRI AL ISTIQOMAH,"Jl. Sungai Wera, No.54 Kel. Ujuna, Kec. Palu Barat",Kec. Palu Barat,Kota Palu,Prov. Sulawesi Tengah,Pondok Pesantren,SWASTA,-0.9014,119.8648
40203731,SD MUHAMMADIYAH 1 PALU,Jl. Sungai Kinore No 4,Kec. Palu Barat,Kota Palu,Prov. Sulawesi Tengah,SD,SWASTA,-0.8971,119.8628
69794517,TK UMMAHAT DDI UJUNA PALU,JALAN SUANGAI LAMBANGAN NO. 25 A,Kec. Palu Barat,Kota Palu,Prov. Sulawesi Tengah,TK,SWASTA,-0.8956,119.8624
60723508,MIS DDI UJUNA PALU,JL. SUNGAI MIU NO. 25,Kec. Palu Barat,Kota Palu,Prov. Sulawesi Tengah,MI,SWASTA,-0.8946,119.8619
69751250,RA/BA/TA DDI UJUNA,JL. SUNGAI LAMBANGAN NO. 25,Kec. Palu Barat,Kota Palu,Prov. Sulawesi Tengah,RA,SWASTA,-0.8953,119.8624
69794509,TK IT ANAK MANDIRI,JL. MAS MANSYUR I NO 9,Kec. Palu Barat,Kota Palu,Prov. Sulawesi Tengah,TK,SWASTA,-0.8913,119.8598
40203640,SD DDI PALU,Jl. Sungai Miu No. 25,Kec. Palu Barat,Kota Palu,Prov. Sulawesi Tengah,SD,SWASTA,-0.8943,119.8623
60723510,MIS ALKHAIRAAT LERE,JL. TEMBANG LRG.II NO. 17,Kec. Palu Barat,Kota Palu,Prov. Sulawesi Tengah,MI,SWASTA,-0.8868,119.8561
40205507,TK ALKHAIRAAT IV BESUSU,JL. KIMAJA LR. BAKSO,Kec. Palu Timur,Kota Palu,Prov. Sulawesi Tengah,TK,SWASTA,-0.894,119.8642
40203646,SD ADVENT PALU,Jl. Patimura No. 166,Kec. Palu Timur,Kota Palu,Prov. Sulawesi Tengah,SD,SWASTA,-0.9033,119.8686
40203616,SMP ADVENT PALU,Jl. Pattimura No. 168 Palu,Kec. Palu Timur,Kota Palu,Prov. Sulawesi Tengah,SMP,SWASTA,-0.9034,119.8687
40203522,SMAS ADVENT PALU,JL. PATIMURA NO. 166,Kec. Palu Timur,Kota Palu,Prov. Sulawesi Tengah,SMA,SWASTA,-0.9024,119.8686
40203762,SD INPRES BTN SILAE,Jl. Sultan Alaudin No. 06,Kec. Ulujadi,Kota Palu,Prov. Sulawesi Tengah,SD,NEGERI,-0.8745,119.8337
70000553,SD ZION,JL.PATTIMURA NO.48,Kec. Palu Timur,Kota Palu,Prov. Sulawesi Tengah,SD,SWASTA,-0.9013,119.8687
40203655,SD INPRES 2 BESUSU,Jl. Dr. Wahidin No. 33,Kec. Palu Timur,Kota Palu,Prov. Sulawesi Tengah,SD,NEGERI,-0.894,119.8653
40203556,SDN 26 Palu,Jl. Dr. Wahidin No. 33 ,Kec. Palu Timur,Kota Palu,Prov. Sulawesi Tengah,SD,NEGERI,-0.8941,119.8655
70000816,SD STELLA GRACIA SCHOOL,Jl. Patimura No. 62,Kec. Palu Timur,Kota Palu,Prov. Sulawesi Tengah,SD,SWASTA,-0.902,119.8694
70046611,SMP STELLA GRACIA SCHOOL PALU,Jl. Pattimura No. 62 B,Kec. Palu Timur,Kota Palu,Prov. Sulawesi Tengah,SMP,SWASTA,-0.902,119.8694
40203727,SD NEGERI 1 PALU,Jl. Togian No. 18,Kec. Palu Timur,Kota Palu,Prov. Sulawesi Tengah,SD,NEGERI,-0.898,119.8681
40203615,SMKS KRISTEN BALA KESELAMATAN PALU,JL. TOWUA NO.80,Kec. Palu Selatan,Kota Palu,Prov. Sulawesi Tengah,SMK,SWASTA,-0.9031,119.87
40209785,SD GAMALIEL,Jl. Pattimura No. 53,Kec. Palu Timur,Kota Palu,Prov. Sulawesi Tengah,SD,SWASTA,-0.903,119.8701
40205437,TK GPID 1 PALU,JL. PATIMURA NO. 15,Kec. Palu Selatan,Kota Palu,Prov. Sulawesi Tengah,TK,SWASTA,-0.8976,119.8681
163029  ,STMIK Adhi Guna,Jl. Undata No. 03 PALU,Kec. Palu Barat,Kota Palu,Prov. Sulawesi Tengah,Sekolah Tinggi,SWASTA,-0.8872508,119.8613921
40203628,SMKS PELAYARAN MARITIM,JL. UNDATA NO.10 PALU,Kec. Palu Timur,Kota Palu,Prov. Sulawesi Tengah,SMK,SWASTA,-0.8875,119.8617
40205548,TK GAMALIEL PALU,JL. PATIMURA,Kec. Palu Timur,Kota Palu,Prov. Sulawesi Tengah,TK,SWASTA,-0.90304,119.870335
164003  ,AMIK Tri Dharma Palu,Jalan Undata No 10 ,Kec. Palu Timur,Kota Palu,Prov. Sulawesi Tengah,Akademik,SWASTA,-0.88742,119.86177
69915647,KB GAMALIEL,JL. PATIMURA NO. 53,Kec. Palu Timur,Kota Palu,Prov. Sulawesi Tengah,KB,SWASTA,-0.903,119.8704
69787939,SMP GAMALIEL PALU,Jl. Pattimura 53 Palu,Kec. Palu Timur,Kota Palu,Prov. Sulawesi Tengah,SMP,SWASTA,-0.9025,119.8704
163055  ,Sekolah Tinggi Ilmu Kesehatan Bala Keselamatan Palu,-,Kec. Palu Barat,Kota Palu,Prov. Sulawesi Tengah,Sekolah Tinggi,SWASTA,-0.9031866,119.8715044
60724848,SMP SATAP NEGERI 14 SIGI,JL. ULU JADI,Kec. Kinovaro,Kab. Sigi,Prov. Sulawesi Tengah,SMP,NEGERI,-0.8732,119.8189
40203757,SD INPRES 4 LOLU,Jl. Woodward No. 16 Palu,Kec. Palu Timur,Kota Palu,Prov. Sulawesi Tengah,SD,NEGERI,-0.9042,119.8729
40203537,SD NEGERI 13 PALU,Jl. Woodward No 18,Kec. Palu Timur,Kota Palu,Prov. Sulawesi Tengah,SD,NEGERI,-0.9043,119.873
40203744,SD INPRES 3 LOLU,Jl. Wood Ward No. 16,Kec. Palu Timur,Kota Palu,Prov. Sulawesi Tengah,SD,NEGERI,-0.9041,119.8731
40203545,SD NEGERI 7 PALU,Jl. Wood Ward No. 16,Kec. Palu Timur,Kota Palu,Prov. Sulawesi Tengah,SD,NEGERI,-0.9042,119.8732
69918375,TK ANAK UNGGUL INDONESIA,JL. WOODWARD NO. 12,Kec. Palu Timur,Kota Palu,Prov. Sulawesi Tengah,TK,SWASTA,-0.9044,119.8735
164023  ,Akademi Keperawatan Bala Keselamatan," Jl. Bali No. 22B Palu, Sulawesi Tengah",Kec. Palu Barat,Kota Palu,Prov. Sulawesi Tengah,Akademik,SWASTA,-0.90246,119.872136
P9984367,PKBM MITRA EDUKASI,JL. SOETOMO NO. 11,Kec. Palu Timur,Kota Palu,Prov. Sulawesi Tengah,PKBM,SWASTA,-0.9021113,119.8719272
163020  ,Sekolah Tinggi Ilmu Farmasi dan  Pengetahuan Alam Pelita Mas Palu,Jalan Wolter Monginsidi No 106-A ,Kec. Palu Selatan,Kota Palu,Prov. Sulawesi Tengah,Sekolah Tinggi,SWASTA,-0.9011761,119.8728184
40203534,SD NEGERI 16 PALU,Jl. Una-una No. 68,Kec. Palu Timur,Kota Palu,Prov. Sulawesi Tengah,SD,NEGERI,-0.8996,119.8709
40203644,SD ALKHAIRAAT 2 PALU,Jl. Monginsidi No. 20a,Kec. Palu Timur,Kota Palu,Prov. Sulawesi Tengah,SD,SWASTA,-0.9016,119.8733
40203754,SD INPRES 2 LOLU,Jl. Una-una No. 284,Kec. Palu Timur,Kota Palu,Prov. Sulawesi Tengah,SD,NEGERI,-0.8994,119.8708
40203629,SMKN 3 PALU,JL. TANJUNG SANTIGI NO. 19,Kec. Palu Timur,Kota Palu,Prov. Sulawesi Tengah,SMK,NEGERI,-0.9045,119.8766
40203589,SMP NEGERI 2 PALU,Jl. Wr. Monginsidi No 4,Kec. Palu Timur,Kota Palu,Prov. Sulawesi Tengah,SMP,NEGERI,-0.9001,119.8732
40203513,SMAS KRISTEN GPID PALU,JL. Kijang,Kec. Palu Selatan,Kota Palu,Prov. Sulawesi Tengah,SMA,SWASTA,-0.8968,119.87
40203570,SMP KRISTEN GPID PALU,Jl. Kijang Selatan III Nomor 14 A,Kec. Palu Selatan,Kota Palu,Prov. Sulawesi Tengah,SMP,SWASTA,-0.8968,119.87
40203599,SMKN 1 PALU,JL. RA. KARTINI NO.14 PALU,Kec. Palu Timur,Kota Palu,Prov. Sulawesi Tengah,SMK,NEGERI,-0.9025,119.8766
40203651,SDN INPRES 1 LOLU,Jl. R.A. Kartini No. 18 A,Kec. Palu Timur,Kota Palu,Prov. Sulawesi Tengah,SD,NEGERI,-0.9022,119.8772
40203639,SD IMANUEL,Jl. Mesjid Raya No. 15,Kec. Palu Timur,Kota Palu,Prov. Sulawesi Tengah,SD,SWASTA,-0.8995,119.875
40203770,SD INPRES 6 LOLU,Jl. Ra. Kartini No. 18,Kec. Palu Timur,Kota Palu,Prov. Sulawesi Tengah,SD,NEGERI,-0.902,119.8773
40203705,SD NEGERI 10 PALU,Jl. Mawar No 4,Kec. Palu Timur,Kota Palu,Prov. Sulawesi Tengah,SD,NEGERI,-0.8971,119.8724
40203631,SMAN 2 PALU,JL. TANJUNG DAKO NO. 9,Kec. Palu Timur,Kota Palu,Prov. Sulawesi Tengah,SMA,NEGERI,-0.9033,119.8788
40203552,SD NEGERI 3 PALU,Jl. Dr. Moh. Hatta No 17,Kec. Palu Timur,Kota Palu,Prov. Sulawesi Tengah,SD,NEGERI,-0.8964,119.8735
40203563,SMP NEGERI 1 PALU,Jl. Gatot Subroto No. 34 Palu,Kec. Palu Timur,Kota Palu,Prov. Sulawesi Tengah,SMP,NEGERI,-0.896,119.8737
40203733,SD MUHAMMADIYAH 2 PALU,Jl. Kh. Ahmad Dahlan No. 12,Kec. Palu Timur,Kota Palu,Prov. Sulawesi Tengah,SD,SWASTA,-0.8936,119.8715
40205527,TK KEMALA BHAYANGKARI 02,JL. PEMUDA NO. 9,Kec. Palu Timur,Kota Palu,Prov. Sulawesi Tengah,TK,SWASTA,-0.8936,119.8722
40203627,SMKS SWADAYA PALU,NOKILALAKI NO. 20,Kec. Palu Timur,Kota Palu,Prov. Sulawesi Tengah,SMK,SWASTA,-0.8987,119.8786
40203564,SMP SWADAYA PALU,Jl. Nokilalaki No. 20,Kec. Palu Timur,Kota Palu,Prov. Sulawesi Tengah,SMP,SWASTA,-0.8986,119.8789
40203509,SMAS SWADAYA PALU,JL. NOKILALAKI NO. 20,Kec. Palu Timur,Kota Palu,Prov. Sulawesi Tengah,SMA,SWASTA,-0.8987,119.879
40203594,SMP NEGERI 15 PALU,Jl. Hi. Hayyun No. 111,Kec. Palu Timur,Kota Palu,Prov. Sulawesi Tengah,SMP,NEGERI,-0.8912,119.8682
40205438,TK KARTIKA XXI-18,JL. Ir. Juanda N0. 40 Palu,Kec. Palu Timur,Kota Palu,Prov. Sulawesi Tengah,TK,SWASTA,-0.8974,119.8781
40203597,SMP AL AZHAR MANDIRI PALU,Jl. Tanjung Malakosa No. 6,Kec. Palu Timur,Kota Palu,Prov. Sulawesi Tengah,SMP,SWASTA,-0.9021,119.8859
40203559,SD NEGERI 23 PALU,Jl. Nggoriovala No. 1 A,Kec. Mantikulore,Kota Palu,Prov. Sulawesi Tengah,SD,NEGERI,-0.9014,119.8927
40203752,SD INPRES 2 TANAMODINDI,Jl. Nggoriovala No. 1 Palu,Kec. Mantikulore,Kota Palu,Prov. Sulawesi Tengah,SD,NEGERI,-0.9013,119.8928
163028  ,Sekolah Tinggi Ilmu Administrasi Pembangunan Palu,Jalan Nuri No 18 ,Kec. Palu Barat,Kota Palu,Prov. Sulawesi Tengah,Sekolah Tinggi,SWASTA,-0.900731,119.8937008
69989634,SLB CAHAYA NURANI,Jl. Veteran Lr. 3,Kec. Mantikulore,Kota Palu,Prov. Sulawesi Tengah,SLB,SWASTA,-0.9006,119.8864
69756117,SMAS AL - AZHAR MANDIRI PALU,"Jl. Garuda No. 15, RT 001/RW 002",Kec. Mantikulore,Kota Palu,Prov. Sulawesi Tengah,SMA,SWASTA,-0.9021,119.8982
69986709,KB ISLAM CAHAYA KHALIFAH,JL. SWADAYA NO 04,Kec. Mantikulore,Kota Palu,Prov. Sulawesi Tengah,KB,SWASTA,-0.8991,119.8954
69973909,TK ISLAM CAHAYA KHALIFAH,JL. Swadaya No. 04,Kec. Mantikulore,Kota Palu,Prov. Sulawesi Tengah,TK,SWASTA,-0.8991,119.8954
40203495,SD NEGERI TANAMODINDI,Jl. Veteran No. 57,Kec. Mantikulore,Kota Palu,Prov. Sulawesi Tengah,SD,NEGERI,-0.8977,119.8925
69830709,SLB BHAKTI PUTRA PALU,JL. DAENG MANESA NO. 10 RT 001/004 ,Kec. Mantikulore,Kota Palu,Prov. Sulawesi Tengah,SLB,SWASTA,-0.9012,119.9035
40203582,SMP NEGERI 7 PALU,Jl. Veteran No. 2A Palu,Kec. Mantikulore,Kota Palu,Prov. Sulawesi Tengah,SMP,NEGERI,-0.8988,119.9031
69961740,KB ASYIFA,JL. MERPATI NO. 190,Kec. Mantikulore,Kota Palu,Prov. Sulawesi Tengah,KB,SWASTA,-0.894,119.8901
69925616,TK IT ASYIFA,JL. MERPATI 19D,Kec. Mantikulore,Kota Palu,Prov. Sulawesi Tengah,TK,SWASTA,-0.894,119.8902
40209856,MAN 2 KOTA PALU,JL. M.H. THAMRIN NO. 41 PALU,Kec. Palu Timur,Kota Palu,Prov. Sulawesi Tengah,MA,NEGERI,-0.8952,119.8825
69982611,SD AL AZHAR MANDIRI PALU,Jl.Merpati II No. 25 Palu,Kec. Mantikulore,Kota Palu,Prov. Sulawesi Tengah,SD,SWASTA,-0.8941,119.8944
K5665080,LKP Ayu Salon ,Jl.Mantikulore Lasoani No.2 B Palu,Kec. Mantikulore,Kota Palu,Prov. Sulawesi Tengah,Kursus,SWASTA,-0.8979403,119.9035192
40203774,SD INPRES 2 LASOANI,Jl. Bulumasomba No. 7,Kec. Mantikulore,Kota Palu,Prov. Sulawesi Tengah,SD,NEGERI,-0.9011,119.9068
40205529,TK NEGERI PEMBINA MANTIKULORE LASOANI,JL. BULU MASOMBA NO. 51,Kec. Mantikulore,Kota Palu,Prov. Sulawesi Tengah,TK,NEGERI,-0.9013,119.907
40203649,SDN INPRES 1 LASOANI,Jl. Bulu Masomba No. 09,Kec. Mantikulore,Kota Palu,Prov. Sulawesi Tengah,SD,NEGERI,-0.9011,119.9072
40203491,SD NEGERI LASOANI,Jl. Mantikulore No. 5c,Kec. Mantikulore,Kota Palu,Prov. Sulawesi Tengah,SD,NEGERI,-0.8967,119.9028
70044582,TK AL-AZHAR MANDIRI PALU,JALAN SURALELE,Kec. Mantikulore,Kota Palu,Prov. Sulawesi Tengah,TK,SWASTA,-0.8928,119.8955
40203557,SD NEGERI 25 PALU,Jl. Otista Lr. Lestari,Kec. Palu Timur,Kota Palu,Prov. Sulawesi Tengah,SD,NEGERI,-0.8933,119.8817
40203603,SMKS PGRI PALU,SISINGAMANGARAJA LRG. SIMAJA III NO. 24 D,Kec. Mantikulore,Kota Palu,Prov. Sulawesi Tengah,SMK,SWASTA,-0.8916,119.8884
40203665,SD INPRES 1 TANAMODINDI,Jl. Merpati No. 35,Kec. Mantikulore,Kota Palu,Prov. Sulawesi Tengah,SD,NEGERI,-0.8912181,119.8901546
60728897,MTS AL-HIDAYAH,JL. PANGLIMA POLEM NO. 18,Kec. Palu Timur,Kota Palu,Prov. Sulawesi Tengah,MTs,SWASTA,-0.892234,119.88306
K5668503,LKP METRON EDUCATION CENTER,Jl. Sutomo No. 12 Palu,Kec. Palu Timur,Kota Palu,Prov. Sulawesi Tengah,Kursus,SWASTA,-0.895279,119.876456
69770323,SMA LABSCHOOL UNTAD,Jl. Setia Budi No. 14,Kec. Palu Timur,Kota Palu,Prov. Sulawesi Tengah,SMA,SWASTA,-0.8939,119.8787
40205515,TK IDHATA PALU,JL. SETIA BUDI NO. 9,Kec. Palu Timur,Kota Palu,Prov. Sulawesi Tengah,TK,SWASTA,-0.8949,119.8769
40205502,TK AISYIYAH VII,JL. OTISTA LR. ANUTAPURA II/ NO.6,Kec. Palu Timur,Kota Palu,Prov. Sulawesi Tengah,TK,SWASTA,-0.8918,119.8806
60728902,MTS AL-ISTIQOMAH,JL. MANTIKULORE NO. 11,Kec. Mantikulore,Kota Palu,Prov. Sulawesi Tengah,MTs,SWASTA,-0.8904,119.8951
40203524,SMAN 1 PALU,JL. JENDRAL GATOT SUBROTO NO. 70,Kec. Palu Timur,Kota Palu,Prov. Sulawesi Tengah,SMA,NEGERI,-0.8939654,119.8748493
40203585,SMP NEGERI 4 PALU,Jl. Jend. Gatot Subroto No. 06 Palu,Kec. Palu Timur,Kota Palu,Prov. Sulawesi Tengah,SMP,NEGERI,-0.8933,119.8743
40203606,SMKN 2 PALU,JL. SETIA BUDI NO.58 PALU,Kec. Palu Timur,Kota Palu,Prov. Sulawesi Tengah,SMK,NEGERI,-0.8912,119.8776
40205498,TK AISYIYAH I,JL. CIKDITIRO NO. 44,Kec. Palu Timur,Kota Palu,Prov. Sulawesi Tengah,TK,SWASTA,-0.8928,119.874
69952454,KB AISYIYAH 1,JL. CIK DITIRO NO. 44 PALU,Kec. Palu Timur,Kota Palu,Prov. Sulawesi Tengah,KB,SWASTA,-0.8928,119.874
40203743,SD INPRES 3 TALISE,Jl. Dayodara No. 7b,Kec. Mantikulore,Kota Palu,Prov. Sulawesi Tengah,SD,NEGERI,-0.8874,119.8881
163002  ,Sekolah Tinggi Ilmu Administrasi Pancamarga Palu,Jalan Dayo Dara No 18-B ,Kec. Palu Timur,Kota Palu,Prov. Sulawesi Tengah,Sekolah Tinggi,SWASTA,-0.887249,119.889876
60728603,MTSN 1 KOTA PALU,JL. CIK DITIRO NO.27,Kec. Palu Timur,Kota Palu,Prov. Sulawesi Tengah,MTs,NEGERI,-0.8924,119.8725
40210097,MTSS MUHAMMADIYAH AL - HAQ PALU,JL.LETJEN SUPRAPTO NO.69 PALU,Kec. Palu Timur,Kota Palu,Prov. Sulawesi Tengah,MTs,SWASTA,-0.89,119.876
40205501,TK AISYIYAH IV,JL. LETJEN SUPRAPTO,Kec. Palu Timur,Kota Palu,Prov. Sulawesi Tengah,TK,SWASTA,-0.8902,119.8756
40203512,SMAS MUHAMMADIYAH 1 PALU,JL. LETJEND. SOEPRAPTO NO. 69,Kec. Palu Timur,Kota Palu,Prov. Sulawesi Tengah,SMA,SWASTA,-0.89,119.8758
40205510,TK ALKHAIRAAT TALISE,JL. TOMBOLOTUTU,Kec. Mantikulore,Kota Palu,Prov. Sulawesi Tengah,TK,SWASTA,-0.8867,119.8848
40203548,SD NEGERI 5 PALU,Jl. Cik Ditiro No. 25,Kec. Palu Timur,Kota Palu,Prov. Sulawesi Tengah,SD,NEGERI,-0.8925,119.872
40203630,SMKS MUHAMMADIYAH 1 PALU,LETJEND SEOPRAPTO NO.69,Kec. Palu Timur,Kota Palu,Prov. Sulawesi Tengah,SMK,SWASTA,-0.8899,119.8755
40203558,SD NEGERI 24 PALU,Jl. Ahmad Yani No. 56,Kec. Palu Timur,Kota Palu,Prov. Sulawesi Tengah,SD,NEGERI,-0.8922,119.8719
69993019,TK ANISA TERPADU,Jl. Dayodara,Kec. Mantikulore,Kota Palu,Prov. Sulawesi Tengah,TK,SWASTA,-0.8859,119.8886
60723517,MIS MUHAMMADIYAH AL HAQ,JL. LETJEN. SUPRAPTO,Kec. Palu Timur,Kota Palu,Prov. Sulawesi Tengah,MI,SWASTA,-0.8898,119.8753
K5665078,LKP ELC Education,Jl. Setia Budi No. 67 C Palu,Kec. Palu Timur,Kota Palu,Prov. Sulawesi Tengah,Kursus,SWASTA,-0.8877265,119.8788554
40203595,SMP NEGERI 14 PALU,Jl. Letjen Suprapto No. 67 ,Kec. Palu Timur,Kota Palu,Prov. Sulawesi Tengah,SMP,NEGERI,-0.8894,119.8754
69923799,KB TUNAS RIMBA,Jl. S. Parman No. 09,Kec. Palu Timur,Kota Palu,Prov. Sulawesi Tengah,KB,SWASTA,-0.888301,119.877491
40210298,MTSS NURUL FALAH,JL. BULUMASOMBA I,Kec. Mantikulore,Kota Palu,Prov. Sulawesi Tengah,MTs,SWASTA,-0.898,119.9193
40209855,MAS PPM NURUL FALAH,JL. BULU MASOMBA I BUKIT INDAH KAWATUNA PALU,Kec. Mantikulore,Kota Palu,Prov. Sulawesi Tengah,MA,SWASTA,-0.8979,119.9189
40203652,SD INPRES 2 KAWATUNA,Jl. Bulu Masomba,Kec. Mantikulore,Kota Palu,Prov. Sulawesi Tengah,SD,NEGERI,-0.8977,119.9304
40203494,SD NEGERI POBOYA,Jl. Pue Salangga No. 36,Kec. Mantikulore,Kota Palu,Prov. Sulawesi Tengah,SD,NEGERI,-0.8881,119.9109
69770322,SMP LABSCHOOL,"Jl. Setia Budi, Palu timur",Kec. Palu Timur,Kota Palu,Prov. Sulawesi Tengah,SMP,SWASTA,-0.8863,119.9187
70048650,KB BAHRUNNAJAAH,Jl. Pue Salangga,Kec. Mantikulore,Kota Palu,Prov. Sulawesi Tengah,KB,SWASTA,-0.8832,119.918
70048645,TK BAHRUNNAJAAH,Jl. Pue Salangga,Kec. Mantikulore,Kota Palu,Prov. Sulawesi Tengah,TK,SWASTA,-0.8831,119.918
P9997127,PKBM SAMPOROA VALANGGUNI,Perumahan Citra Pesona Indah V Blok F No.9 Palu,Kec. Mantikulore,Kota Palu,Prov. Sulawesi Tengah,PKBM,SWASTA,-0.8837,119.8904
69872322,SD KECIL WANA,Desa Tipo,Kec. Ulujadi,Kota Palu,Prov. Sulawesi Tengah,SD,NEGERI,-0.8615,119.7873
40203719,SD INPRES KECIL SALENA,Jl. Pue Lembo Salena,Kec. Ulujadi,Kota Palu,Prov. Sulawesi Tengah,SD,NEGERI,-0.8568,119.8011
40203641,SD BK LEKATU,Dusun Lekatu,Kec. Ulujadi,Kota Palu,Prov. Sulawesi Tengah,SD,SWASTA,-0.857,119.8164
69794510,TK NURUL MASYITHAH,JL.MALONDA NO 104 SILAE,Kec. Ulujadi,Kota Palu,Prov. Sulawesi Tengah,TK,SWASTA,-0.8698,119.8318
40203607,SMAN 8 PALU,JL. Ragigau No. 3 Palu,Kec. Ulujadi,Kota Palu,Prov. Sulawesi Tengah,SMA,NEGERI,-0.8593,119.8252
40205478,TK NEGERI PEMBINA BAW JANNAH ULUJADI,JL. MALONDA NO. 167,Kec. Ulujadi,Kota Palu,Prov. Sulawesi Tengah,TK,NEGERI,-0.8579,119.8237
40203506,SD NEGERI TIPO,Jl. Salambara No. 3,Kec. Ulujadi,Kota Palu,Prov. Sulawesi Tengah,SD,NEGERI,-0.8605,119.8275
40203581,SMP NEGERI 8 PALU,Jl. Malonda No. 190 B,Kec. Ulujadi,Kota Palu,Prov. Sulawesi Tengah,SMP,NEGERI,-0.8564,119.8244
40203711,SD INPRES TIPO,Jl Malonda,Kec. Ulujadi,Kota Palu,Prov. Sulawesi Tengah,SD,NEGERI,-0.8556,119.8251
40210293,MTSS AL KHAIRAAT BULURI,JL. MALONDA NO 1 BULURI,Kec. Ulujadi,Kota Palu,Prov. Sulawesi Tengah,MTs,SWASTA,-0.8523,119.8243
40203500,SD NEGERI BULURI,Jl.malonda No.76,Kec. Ulujadi,Kota Palu,Prov. Sulawesi Tengah,SD,NEGERI,-0.8491,119.823
40203761,SDN INPRES BULURI,Jl. Malonda No. 16 Palu,Kec. Ulujadi,Kota Palu,Prov. Sulawesi Tengah,SD,NEGERI,-0.846,119.8182
60728860,MIS AL-HUDA BESUSU,JL. RAJAMOILI 2,Kec. Palu Timur,Kota Palu,Prov. Sulawesi Tengah,MI,SWASTA,-0.887,119.8647
40205497,TK ADHYAKSA XXII PALU,JL. SAMRATULANGI N0. 45,Kec. Palu Timur,Kota Palu,Prov. Sulawesi Tengah,TK,SWASTA,-0.8885414,119.86585
163003  ,STISIP Panca Bhakti Palu,Jalan Dr Soeharso No 36-A ,Kec. Palu Timur,Kota Palu,Prov. Sulawesi Tengah,Sekolah Tinggi,SWASTA,-0.888959,119.867335
163004  ,Sekolah Tinggi Ilmu Ekonomi Panca Bhakti Palu,Jalan Dr Suharso No 36-A ,Kec. Palu Timur,Kota Palu,Prov. Sulawesi Tengah,Sekolah Tinggi,SWASTA,-0.8889141,119.867359
161028  ,Universitas Abdul Azis Lamadjido,,,Kota Palu,Prov. Sulawesi Tengah,Universitas,Aktif,-0.888838,119.867396
40209807,TK NEGERI MODEL TERPADU MADANI,JL. SOEKARNO HATTA,Kec. Palu Timur,Kota Palu,Prov. Sulawesi Tengah,TK,NEGERI,-0.8873975,119.8675657
40203533,SD NEGERI 17 PALU,Jl. Panglima Polem No. 13,Kec. Palu Timur,Kota Palu,Prov. Sulawesi Tengah,SD,NEGERI,-0.8871,119.8683
40203638,SD INPRES 1 BESUSU,Jl. Panglima Polem No. 11,Kec. Palu Timur,Kota Palu,Prov. Sulawesi Tengah,SD,NEGERI,-0.8869,119.8685
40203709,SD ISLAM ALHIDAYAH BESUSU,Jl. Panglima Polem No 18,Kec. Palu Timur,Kota Palu,Prov. Sulawesi Tengah,SD,SWASTA,-0.8885,119.8688
69913171,KB CUT MUTIA,JL. YOS SUDARSO NO. 8,Kec. Mantikulore,Kota Palu,Prov. Sulawesi Tengah,KB,SWASTA,-0.877858,119.87276
P9962784,SKB KASINTUVU,JL. YOS SUDARSO NO. 8,Kec. Mantikulore,Kota Palu,Prov. Sulawesi Tengah,SKB,NEGERI,-0.878,119.8728
40203626,SMKN 7 PALU, JL. KOMODO NO. 78 TALISE,Kec. Mantikulore,Kota Palu,Prov. Sulawesi Tengah,SMK,NEGERI,-0.8775,119.8729
40203527,SD NEGERI 2 TALISE,Jl. Yos Sudarso No. 08,Kec. Mantikulore,Kota Palu,Prov. Sulawesi Tengah,SD,NEGERI,-0.8775,119.8729
40203753,SDN INPRES 2 TALISE,Jl. Yos Sudarso No. 8,Kec. Mantikulore,Kota Palu,Prov. Sulawesi Tengah,SD,NEGERI,-0.8777,119.8731
40203543,SD NEGERI 22 PALU,Jl. Letjen. Soeprapto No. 55B,Kec. Palu Timur,Kota Palu,Prov. Sulawesi Tengah,SD,NEGERI,-0.8845,119.8751
40203759,SD INPRES BUMI SAGU,Jl. Suprapto No. 55,Kec. Palu Timur,Kota Palu,Prov. Sulawesi Tengah,SD,NEGERI,-0.8842,119.8755
40203535,SD NEGERI 15 PALU,Jl. Letjen Suprapto No.55,Kec. Palu Timur,Kota Palu,Prov. Sulawesi Tengah,SD,NEGERI,-0.8841,119.8757
163027  ,STMIK Bina Mulia,Jalan Soeprapto No 38 ,Kec. Palu Barat,Kota Palu,Prov. Sulawesi Tengah,Sekolah Tinggi,SWASTA,-0.8867362,119.8756893
40205532,TK NURUL JAMIAH,JL. KAMBOJA NO. 26 PALU,Kec. Mantikulore,Kota Palu,Prov. Sulawesi Tengah,TK,SWASTA,-0.8807,119.8757
40205543,TK TUNAS RIMBA,JL. S.PARMAN,Kec. Palu Timur,Kota Palu,Prov. Sulawesi Tengah,TK,SWASTA,-0.8881,119.8769
P9998245,PKBM BUMI SAGU,Jl. Nangka No. 16 A,Kec. Mantikulore,Kota Palu,Prov. Sulawesi Tengah,PKBM,SWASTA,-0.8865,119.8773
40203604,SMKS PANCASILA PALU,JL. SETIABUDI LR. MERDEKA,Kec. Mantikulore,Kota Palu,Prov. Sulawesi Tengah,SMK,SWASTA,-0.8865,119.8802
40203667,SD INPRES 1 TALISE,Jl. Tombolotutu No. 125,Kec. Mantikulore,Kota Palu,Prov. Sulawesi Tengah,SD,NEGERI,-0.8842,119.8804
69963711,KB JALASENA,JL. YOS SUDARSO NO 30,Kec. Mantikulore,Kota Palu,Prov. Sulawesi Tengah,KB,SWASTA,-0.8718,119.8759
69964183,SMK YADIKA PALU,JL. HANGTUAH NO. 58 PALU,Kec. Mantikulore,Kota Palu,Prov. Sulawesi Tengah,SMK,SWASTA,-0.876,119.8793
40210098,MTSS PUTRI AISYIYAH PALU,JL. HANGTUAH NO. 104,Kec. Palu Timur,Kota Palu,Prov. Sulawesi Tengah,MTs,SWASTA,-0.873,119.878
60723516,MIS PUTRI AISYIYAH,JL. HANGTUAH NO. 104 PALU,Kec. Palu Timur,Kota Palu,Prov. Sulawesi Tengah,MI,SWASTA,-0.8734,119.8783
40205499,TK AISYIYAH III,JL. HANG  TUAH NO. 104,Kec. Mantikulore,Kota Palu,Prov. Sulawesi Tengah,TK,SWASTA,-0.872537,119.877736
40209857,MAS PUTRI AISYIYAH PALU,JL. HANGTUAH NO. 104 PALU,Kec. Palu Timur,Kota Palu,Prov. Sulawesi Tengah,MA,SWASTA,-0.8729,119.878
69913692,TK NOSARARA,JL. SOEKARNO HATTA,Kec. Mantikulore,Kota Palu,Prov. Sulawesi Tengah,TK,SWASTA,-0.884783,119.885822
70005344,UTAMA WIDYALAYA WIRA DHARMA PALU,JL. Jabal Nur No.3,Kec. Mantikulore,Kota Palu,Prov. Sulawesi Tengah,Utama Widyalaya,SWASTA,-0.8721,119.8826
60727742,MTSS WALI SONGO,JL. SUKARNO HATTA NO. 12 PALU,Kec. Mantikulore,Kota Palu,Prov. Sulawesi Tengah,MTs,SWASTA,-0.8845,119.8869
40203725,SD NEGERI 1 TALISE,LOKASI HUNTAP 3 TALISE,Kec. Mantikulore,Kota Palu,Prov. Sulawesi Tengah,SD,NEGERI,-0.8723,119.8912
40206709,SMKN 8 PALU,JL. IR. SOEKARNO HATTA ,Kec. Mantikulore,Kota Palu,Prov. Sulawesi Tengah,SMK,NEGERI,-0.8712,119.891
69878007,SMAN Olahraga Tadulako Palu,Jl. Soekarno Hatta,Kec. Mantikulore,Kota Palu,Prov. Sulawesi Tengah,SMA,NEGERI,-0.8609,119.8896
40204376,SD NEGERI MODEL TERPADU MADANI ,Jl.sukarno Hatta,Kec. Mantikulore,Kota Palu,Prov. Sulawesi Tengah,SD,NEGERI,-0.8607,119.8884
40203914,SMP NEGERI MODEL TERPADU MADANI,Jl. Sukarno Hatta,Kec. Mantikulore,Kota Palu,Prov. Sulawesi Tengah,SMP,NEGERI,-0.8606,119.8864
163038  ,Sekolah Tinggi Perikanan Dan Kelautan Palu,Jalan Soekarno-Hatta Km 6,Kec. Palu Barat,Kota Palu,Prov. Sulawesi Tengah,Sekolah Tinggi,SWASTA,-0.8594847,119.8871599
40203776,SMAN MODEL TERPADU MADANI,JL. SOEKARNO-HATTA BUMI ROVIEGA,Kec. Mantikulore,Kota Palu,Prov. Sulawesi Tengah,SMA,NEGERI,-0.8596,119.8856
165003  ,Politeknik Palu,JL. SINAR  KEMUNING 1 NO. 1A . KELURAHAN TONDO PALU TIMUR KOTA PALU ,Kec. Palu Barat,Kota Palu,Prov. Sulawesi Tengah,Politeknik,SWASTA,-0.8467157,119.9027628
40205541,TK NEGERI PEMBINA SAMPOROA VATUTELA,JL. UNTAD  I VATUTELA,Kec. Mantikulore,Kota Palu,Prov. Sulawesi Tengah,TK,NEGERI,-0.8432,119.9093
40203741,SD INPRES 3 TONDO,Jl. Untad I Vatutela,Kec. Mantikulore,Kota Palu,Prov. Sulawesi Tengah,SD,NEGERI,-0.8429,119.9089
40203621,SMKN 5 PALU,UNTAD I BUMI ROVIGA TONDO,Kec. Mantikulore,Kota Palu,Prov. Sulawesi Tengah,SMK,NEGERI,-0.8438,119.9022
40203508,SD NEGERI WATUSAMPU,Jl. Malonda,Kec. Ulujadi,Kota Palu,Prov. Sulawesi Tengah,SD,NEGERI,-0.8192,119.8106
69945352,TPA PUTRA KAILI PERMATA BANGSA,JL. PERMATA BANGSA,Kec. Mantikulore,Kota Palu,Prov. Sulawesi Tengah,TPA,SWASTA,-0.846,119.8821
69945351,KB PUTRA KAILI PERMATA BANGSA,JL. PERMATA BANGSA,Kec. Mantikulore,Kota Palu,Prov. Sulawesi Tengah,KB,SWASTA,-0.846,119.8821
69900876,SD UNGGULAN PUTRA KAILI PERMATA BANGSA,Jl. Permata Bangsa No.77 Rt.002/Rw.03,Kec. Mantikulore,Kota Palu,Prov. Sulawesi Tengah,SD,SWASTA,-0.846,119.8825
40203507,SD NEGERI TONDO,Jl. RE. MARTADINATA,Kec. Mantikulore,Kota Palu,Prov. Sulawesi Tengah,SD,NEGERI,-0.8442,119.883
69945713,TK PUTRA KAILI PERMATA BANGSA,JL. PERMATA BANGSA NO. 77,Kec. Mantikulore,Kota Palu,Prov. Sulawesi Tengah,TK,SWASTA,-0.8444,119.8837
164016  ,Akademi Keperawatan Justitia,Jl Uwe Lambori No 33 ,Kec. Palu Barat,Kota Palu,Prov. Sulawesi Tengah,Akademik,SWASTA,-0.8391915,119.880671
40203610,SMAN 5 PALU,Jl. R.E. Martadinata,Kec. Mantikulore,Kota Palu,Prov. Sulawesi Tengah,SMA,NEGERI,-0.8421,119.884
40203663,SD INPRES 1 TONDO,Jl. Uwe Salura No. 15,Kec. Mantikulore,Kota Palu,Prov. Sulawesi Tengah,SD,NEGERI,-0.8384,119.8821
70036035,SMP INTEGRAL HIDAYATULLAH TONDO,Jl. Uwe Buro No. 33,Kec. Mantikulore,Kota Palu,Prov. Sulawesi Tengah,SMP,SWASTA,-0.8359,119.8812
40205725,SD INTEGRAL HIDAYATULLAH TONDO,Jl. Uwe Buro No. 33,Kec. Mantikulore,Kota Palu,Prov. Sulawesi Tengah,SD,SWASTA,-0.836,119.8814
60728778,MTS ALKHAIRAAT TONDO,JL.ALKHAIRAAT NO. 126 B,Kec. Mantikulore,Kota Palu,Prov. Sulawesi Tengah,MTs,SWASTA,-0.8385,119.8841
40203642,SD ALKHAIRAAT TONDO,Jl. Alkhairaat No 126 B,Kec. Mantikulore,Kota Palu,Prov. Sulawesi Tengah,SD,SWASTA,-0.8384,119.8842
161027  ,Universitas Widya Nusantara,,,Kota Palu,Prov. Sulawesi Tengah,Universitas,Aktif,-0.8425695,119.8866749
163042  ,Sekolah Tinggi Ilmu Kesehatan Widya Nusantara Palu,"Jl. Tanjung Satu Lorong Karoya & Jl. Untad 1 Tondo, Kec. Mantikulore",Kec. Palu Barat,Kota Palu,Prov. Sulawesi Tengah,Sekolah Tinggi,SWASTA,-0.842793,119.88691
69727850,MAS ALKHAIRAAT TONDO,JL. ALKHAIRAAT NO. 134 TONDO,Kec. Palu Timur,Kota Palu,Prov. Sulawesi Tengah,MA,SWASTA,-0.8385,119.8847
69969427,SLB TADULAKO MANDIRI,JL. RE MARTADINATA NO. 203,Kec. Mantikulore,Kota Palu,Prov. Sulawesi Tengah,SLB,SWASTA,-0.8343,119.8824
69992036,SD ISLAM AL FATH PALU,Jalan Roviga Lorong 1 Perum BTN Pesona Teluk Palu,Kec. Mantikulore,Kota Palu,Prov. Sulawesi Tengah,SD,SWASTA,-0.8497,119.8903
001028  ,Universitas Tadulako,Kampus Bumi Tadulako Tondo ,,Kota Palu,Prov. Sulawesi Tengah,Universitas,Aktif,-0.83644,119.893763
40203590,SMP NEGERI 19 PALU,Jl. Untad 1 Bumi Roviga Tondo,Kec. Mantikulore,Kota Palu,Prov. Sulawesi Tengah,SMP,NEGERI,-0.844,119.8995
40203750,SD INPRES 2 TONDO,Jl. Dupa Indah No. 17,Kec. Mantikulore,Kota Palu,Prov. Sulawesi Tengah,SD,NEGERI,-0.8166,119.8825
70041535,SD KEMALA BHAYANGKARI 01 PALU,Jl. Simpotove Barat(Kompleks Huntap Budha Tzu Chi),Kec. Mantikulore,Kota Palu,Prov. Sulawesi Tengah,SD,SWASTA,-0.8299,119.8997
70041537,TK KEMALA BHAYANGKARI 16 PALU,JL. Simpotove Barat (Kompleks Huntap Budha Tzu Chi Tondo),Kec. Mantikulore,Kota Palu,Prov. Sulawesi Tengah,TK,SWASTA,-0.8293,119.8998
40203579,SMP NEGERI 12 PALU,Jl. Dupa Indah,Kec. Mantikulore,Kota Palu,Prov. Sulawesi Tengah,SMP,NEGERI,-0.8153,119.8876
40203710,SD INPRES WATUSAMPU,JL.MALONDA NO 13,Kec. Ulujadi,Kota Palu,Prov. Sulawesi Tengah,SD,NEGERI,-0.8053,119.8071
40200421,SDN 8 BANAWA,Jl. Palu Donggala,Kec. Banawa,Kab. Donggala,Prov. Sulawesi Tengah,SD,NEGERI,-0.7902,119.7977
69855228,TK PERMATA BUNDA LOLI OGE,Jl. Palu Donggala km.15,Kec. Banawa,Kab. Donggala,Prov. Sulawesi Tengah,TK,SWASTA,-0.7827,119.7941
70003330,SDIT IBNU KATSIR BANAWA,JL.BANAWA,Kec. Banawa,Kab. Donggala,Prov. Sulawesi Tengah,SD,SWASTA,-0.7820455,119.7916206
40203723,SD KARYA THAYYIBAH MAMBORO,Jl. Trans Sulawesi,Kec. Palu Utara,Kota Palu,Prov. Sulawesi Tengah,SD,SWASTA,-0.8039,119.8788
40205520,TK KT II MAMBORO,JL. TRANS SULAWESI,Kec. Palu Utara,Kota Palu,Prov. Sulawesi Tengah,TK,SWASTA,-0.804,119.8791
164020  ,Akademi Kebidanan Graha Ananda,"Jln. Singgani No. 56. Kel. Mamboro barat,Kec.Palu Utara, Kota Palu, Prop. Sulawe",Kec. Palu Barat,Kota Palu,Prov. Sulawesi Tengah,Akademik,SWASTA,-0.7941445,119.872781
162005  ,Institut Teknologi Kesehatan dan Bisnis Graha Ananda,,,Kota Palu,Prov. Sulawesi Tengah,Institut,Aktif,-0.793926,119.8727592
69913710,TK AISYIYAH BUSTANUL ATHFAL MAMBORO,JL. MANTILAYO NO. 13,Kec. Palu Utara,Kota Palu,Prov. Sulawesi Tengah,TK,SWASTA,-0.794863,119.87703
40203643,SD ALKHAIRAAT MAMBORO,Jl. Trans Sulawesi No. 168,Kec. Palu Utara,Kota Palu,Prov. Sulawesi Tengah,SD,SWASTA,-0.7936,119.8749
40205528,TK NEGERI PEMBINA KEMBANG ROGO TAIPA,LABUAN BARU,Kec. Palu Utara,Kota Palu,Prov. Sulawesi Tengah,TK,NEGERI,-0.790626,119.865346
40210101,MTSS ALKHAIRAT MAMBORO,JL.TRANS SULAWESI NO.168 B,Kec. Palu Utara,Kota Palu,Prov. Sulawesi Tengah,MTs,SWASTA,-0.7937,119.8752
40203525,SD NEGERI 8 MAMBORO,Jl. Lentora,Kec. Palu Utara,Kota Palu,Prov. Sulawesi Tengah,SD,NEGERI,-0.7928,119.8735
40205504,TK ALKH MALINO MAMBORO,JL. H. HALI BORISA,Kec. Palu Utara,Kota Palu,Prov. Sulawesi Tengah,TK,SWASTA,-0.7932,119.875
405026  ,Poltekkes Kemenkes Palu , Jl. Thalua Konchi. No. 19 Mamboro Palu Utara,Kec. Palu Utara,Kota Palu,Prov. Sulawesi Tengah,Politeknik,NEGERI,-0.79106,119.8709
40205519,TK NEGERI PEMBINA KARYA THAYYIBAH 1 MAMBORO,JL. TRANS SULAWESI,Kec. Palu Utara,Kota Palu,Prov. Sulawesi Tengah,TK,NEGERI,-0.7952,119.8824
40203768,SD INPRES 7 LABUAN BARU,Jl. Nelayan No. 38,Kec. Palu Utara,Kota Palu,Prov. Sulawesi Tengah,SD,NEGERI,-0.7881,119.8682
40203591,SMP NEGERI 18 PALU,Jl. Trans Sulawesi No. 216,Kec. Palu Utara,Kota Palu,Prov. Sulawesi Tengah,SMP,NEGERI,-0.7898,119.8741
40203504,SD NEGERI 9 MAMBORO,Jl. Mantilayo. 53,Kec. Palu Utara,Kota Palu,Prov. Sulawesi Tengah,SD,NEGERI,-0.7942,119.8822
40203518,SMAS KB MAMBORO,JL. THALUA KONCI NO. 8,Kec. Palu Utara,Kota Palu,Prov. Sulawesi Tengah,SMA,SWASTA,-0.7885,119.8717
40203572,SMP KARYA BAKTI MAMBORO,Jl. Thalua Konci No. 8,Kec. Palu Utara,Kota Palu,Prov. Sulawesi Tengah,SMP,SWASTA,-0.7883,119.8716
40203620,SMKN 6 PALU,JL. TRANS SULAWESI NO. 216,Kec. Palu Utara,Kota Palu,Prov. Sulawesi Tengah,SMK,NEGERI,-0.7893,119.8747
40205542,TK TRI DARMA KOSGORO MAMBORO,JL. TRANS SULAWESI NO 158 MAMBORO,Kec. Palu Utara,Kota Palu,Prov. Sulawesi Tengah,TK,SWASTA,-0.7876,119.8722
40203767,SD INPRES 8 MAMBORO,Jl. Trans Sulawesi No. 158,Kec. Palu Utara,Kota Palu,Prov. Sulawesi Tengah,SD,NEGERI,-0.7873,119.8726
70009265,TK AR-RAHMAN,JL. TANDAME Lr. LABEBO,Kec. Palu Utara,Kota Palu,Prov. Sulawesi Tengah,TK,SWASTA,-0.791,119.8808
69794485,KB BRIMOB,JL. TRANS SULAWESI KM-13 MAMBORO,Kec. Palu Utara,Kota Palu,Prov. Sulawesi Tengah,KB,SWASTA,-0.7861,119.873
69980514,MAN INSAN CENDEKIA KOTA PALU,JL. BUKIT TUNGGAL,Kec. Palu Utara,Kota Palu,Prov. Sulawesi Tengah,MA,NEGERI,-0.7955,119.8887
40203873,SDN INPRES LIK LAYANA INDAH,Jl. Lik Trans No. 8,Kec. Mantikulore,Kota Palu,Prov. Sulawesi Tengah,SD,NEGERI,-0.8085,119.9057
40204552,SMP NEGERI SATU ATAP LIK LAYANA INDAH,Jl. Trans Lik Layana Indah,Kec. Mantikulore,Kota Palu,Prov. Sulawesi Tengah,SMP,NEGERI,-0.808,119.9056
40204781,TK ALCHAIRAAT BALE,Jl. Pue Salangga,Kec. Tanantovea,Kab. Donggala,Prov. Sulawesi Tengah,TK,SWASTA,-0.792629,119.933351
40200930,SD ALKHAIRAT BALE,"JL. Pue Salangga, Desa Bale, Kec. Tanantovea, Kab. Donggala",Kec. Tanantovea,Kab. Donggala,Prov. Sulawesi Tengah,SD,SWASTA,-0.788425,119.919717
40201096,SDN 21 BANAWA,Jl. Palu Donggala,Kec. Banawa,Kab. Donggala,Prov. Sulawesi Tengah,SD,NEGERI,-0.7798,119.7927
69855229,TK PERMATA HIDAYAH BANAWA,Jl. Trans Sulawesi,Kec. Banawa,Kab. Donggala,Prov. Sulawesi Tengah,TK,SWASTA,-0.7778,119.7919
40201098,SDN 17 BANAWA,Jl. Poros Palu Donggala,Kec. Banawa,Kab. Donggala,Prov. Sulawesi Tengah,SD,NEGERI,-0.7655,119.7875
40201099,SDN 22 BANAWA,Jl.air Terjun,Kec. Banawa,Kab. Donggala,Prov. Sulawesi Tengah,SD,NEGERI,-0.759,119.7764
40205812,SMP NEGERI 3 BANAWA,Jl.poros Palu Donggala,Kec. Banawa,Kab. Donggala,Prov. Sulawesi Tengah,SMP,NEGERI,-0.7602,119.7874
69968204,TK NEGERI HARAPAN BUNDA LOLI TASIBURI,Jl. Trans Sulawesi,Kec. Banawa,Kab. Donggala,Prov. Sulawesi Tengah,TK,NEGERI,-0.7594,119.7864
40200420,SDN 2 BANAWA,Jl. Poros Palu Donggala,Kec. Banawa,Kab. Donggala,Prov. Sulawesi Tengah,SD,NEGERI,-0.7592,119.7865
69855257,KB PELITA PERSADA,Jl. Trans Sulawesi,Kec. Banawa,Kab. Donggala,Prov. Sulawesi Tengah,KB,SWASTA,-0.7537,119.7821
40201097,SDN 14 BANAWA,Jl.poros Palu Donggala,Kec. Banawa,Kab. Donggala,Prov. Sulawesi Tengah,SD,NEGERI,-0.7533,119.7819
40203544,SD NEGERI 7 TAIPA,Jl. Mohammad Amin No. 26,Kec. Palu Utara,Kota Palu,Prov. Sulawesi Tengah,SD,NEGERI,-0.7768,119.8634
40203758,SD INPRES 4 TAIPA GINGGIRI,Jl. Malino No. 33,Kec. Palu Utara,Kota Palu,Prov. Sulawesi Tengah,SD,NEGERI,-0.7716,119.8642
40203769,SD INPRES 6 WATUOGE,Jl. Lasapandi No 44,Kec. Palu Utara,Kota Palu,Prov. Sulawesi Tengah,SD,NEGERI,-0.7665,119.8603
40205526,TK KT WATUOGE,JL. JIPANDI NO. 44,Kec. Palu Utara,Kota Palu,Prov. Sulawesi Tengah,TK,SWASTA,-0.767,119.8609
40210099,MTSN 4 KOTA PALU,JL. MOH. AMIN NO.04,Kec. Palu Utara,Kota Palu,Prov. Sulawesi Tengah,MTs,NEGERI,-0.775,119.8688
40203771,SD INPRES 5 TAIPA LAGA,Jl. Sungai Palayua,Kec. Palu Utara,Kota Palu,Prov. Sulawesi Tengah,SD,NEGERI,-0.7791,119.8796
40204785,TK KARYA THAYYIBAH GUNTARANO,Jl. Togelele,Kec. Tanantovea,Kab. Donggala,Prov. Sulawesi Tengah,TK,SWASTA,-0.7698,119.8786
40201063,SDN 12 TANANTOVEA,Desa Guntarano,Kec. Tanantovea,Kab. Donggala,Prov. Sulawesi Tengah,SD,NEGERI,-0.768208,119.876823
40203746,SD INPRES 3 LAI,Jln.Kayurampe,Kec. Palu Utara,Kota Palu,Prov. Sulawesi Tengah,SD,NEGERI,-0.7613,119.8613
40205540,TK SAKTI,KAYU MALUE PAJEKO,Kec. Palu Utara,Kota Palu,Prov. Sulawesi Tengah,TK,SWASTA,-0.7609,119.8612
60728859,MIS KT LIMRAN,JL. BORA INDAH,Kec. Tawaeli,Kota Palu,Prov. Sulawesi Tengah,MI,SWASTA,-0.759938,119.864002
40200435,SDN 6 TANANTOVEA,Jl. Toogelele Dusun II Guntarano,Kec. Tanantovea,Kab. Donggala,Prov. Sulawesi Tengah,SD,NEGERI,-0.7713,119.8886
40205454,TK NEGERI PEMBINA PALU UTARA,JL. TRANS SULAWESI KAYUMALUE PAJEKO,Kec. Palu Utara,Kota Palu,Prov. Sulawesi Tengah,TK,NEGERI,-0.758206,119.865088
69959714,KB NEGERI PEMBINA PALU UTARA,JL. TRANS SULAWESI KAYUMALUE PAJEKO,Kec. Palu Utara,Kota Palu,Prov. Sulawesi Tengah,KB,SWASTA,-0.757801,119.865161
69765065,SMP NEGERI 4 TANANTOVEA,TOOGELELE,Kec. Tanantovea,Kab. Donggala,Prov. Sulawesi Tengah,SMP,NEGERI,-0.768255,119.886523
40203634,SD INPRES 1 KAYUMALUE PAJEKO,Jln. Trans Sulawesi  Kelurahan kayumalue  Pajeko ,Kec. Palu Utara,Kota Palu,Prov. Sulawesi Tengah,SD,NEGERI,-0.7573,119.8653
40203588,SMP NEGERI 20 PALU,Jl. Palu Pantoloan No. 114,Kec. Palu Utara,Kota Palu,Prov. Sulawesi Tengah,SMP,NEGERI,-0.7572,119.8658
40203549,SD NEGERI 5 KAYUMALUE NGAPA,"Jl. Trans Sulawesi, No. 88",Kec. Palu Utara,Kota Palu,Prov. Sulawesi Tengah,SD,NEGERI,-0.7534,119.8653
40204783,TK NEGERI HARAPAN BANGSA GUNTARANO,Jl. Togelele,Kec. Tanantovea,Kab. Donggala,Prov. Sulawesi Tengah,TK,NEGERI,-0.7721,119.8958
69913704,TK ALKHAIRAAT KAYUMALUE NGAPA,JL. NDATENGISI,Kec. Palu Utara,Kota Palu,Prov. Sulawesi Tengah,TK,SWASTA,-0.7528,119.8664
40203633,SD INPRES 2 KAYUMALUE NGAPA,Jl. Sarovele,Kec. Palu Utara,Kota Palu,Prov. Sulawesi Tengah,SD,NEGERI,-0.7537,119.8727
40203547,SD NEGERI 6 KAYUMALUE NGAPA,Jl. Sarovele,Kec. Palu Utara,Kota Palu,Prov. Sulawesi Tengah,SD,NEGERI,-0.7537,119.8728
40205521,TK KT KAYUMALUE NGAPA,KAYUMALUE NGAPA,Kec. Palu Utara,Kota Palu,Prov. Sulawesi Tengah,TK,SWASTA,-0.75355,119.873393
40200546,SDN 4 TANANTOVEA,JL. Pue Salangga ,Kec. Tanantovea,Kab. Donggala,Prov. Sulawesi Tengah,SD,NEGERI,-0.773033,119.905971
40204780,TK KARYA THAYYIBAH MATANA BALE,Jl. Pue Salanga,Kec. Tanantovea,Kab. Donggala,Prov. Sulawesi Tengah,TK,SWASTA,-0.774491,119.907915
40200412,SDN 14 TANANTOVEA,Dusun Tawao,Kec. Tanantovea,Kab. Donggala,Prov. Sulawesi Tengah,SD,NEGERI,-0.773725,119.920945
40204787,TK ALKHAIRAAT TAVAO BALE,Jl. Tinggora,Kec. Tanantovea,Kab. Donggala,Prov. Sulawesi Tengah,TK,SWASTA,-0.7733,119.922
